0.1,-10.4202595171954,-7.26386759938739,-19.7335369392971,-14.209831530046
0.101901901901902,-10.4028621536677,-7.24547615821978,-19.6782721663062,-14.193249260285
0.103803803803804,-10.3866220997363,-7.22785738268203,-19.6260277823169,-14.1769745389412
0.105705705705706,-10.3714855804906,-7.21097599012434,-19.5767171097682,-14.1610091400926
0.107607607607608,-10.3574003636181,-7.19479777792991,-19.5302546036111,-14.1453543832163
0.10950950950951,-10.344315727932,-7.17928960030538,-19.4865558467936,-14.130011146721
0.111411411411411,-10.3321824323591,-7.1644193454221,-19.4455375456522,-14.1149798812546
0.113313313313313,-10.3209526853853,-7.15015591290465,-19.4071175252112,-14.1002606227883
0.115215215215215,-10.3105801149513,-7.13646919166275,-19.3712147243915,-14.08585300548
0.117117117117117,-10.3010197387959,-7.12333003806308,-19.3377491911327,-14.0717562743194
0.119019019019019,-10.2922279352404,-7.11071025443732,-19.306642077427,-14.0579692975572
0.120920920920921,-10.2841624144113,-7.09858256792282,-19.27781563427,-14.0444905789204
0.122822822822823,-10.2767821898954,-7.08692060963237,-19.2511932065282,-14.0313182696172
0.124724724724725,-10.2700475508231,-7.07569889414941,-19.2266992277253,-14.0184501801323
0.126626626626627,-10.2639200343755,-7.06489279934539,-19.2042592147505,-14.0058837918164
0.128528528528529,-10.2583623987108,-7.05447854651552,-19.1837997624878,-13.9936162682711
0.13043043043043,-10.253338596305,-7.04443318082962,-19.1652485383713,-13.9816444665323
0.132332332332332,-10.2488137477034,-7.03473455209466,-19.1485342768654,-13.9699649480537
0.134234234234234,-10.2447541156775,-7.02536129582535,-19.1335867738735,-13.9585739894938
0.136136136136136,-10.2411270797838,-7.01629281461969,-19.1203368810761,-13.9474675933066
0.138038038038038,-10.2379011113192,-7.00750925983583,-19.1087165001997,-13.9366414981409
0.13993993993994,-10.2350457486698,-6.99899151356716,-19.0986585772194,-13.9260911890483
0.141841841841842,-10.2325315730478,-6.99072117091208,-19.0900970964949,-13.9158119075028
0.143743743743744,-10.230330184613,-6.98268052253532,-19.0829670748439,-13.9057986612348
0.145645645645646,-10.228414178974,-6.97485253751747,-19.0772045555521,-13.8960462338806
0.147547547547548,-10.2267571240654,-6.96722084648953,-19.0727466023237,-13.8865491944501
0.149449449449449,-10.2253335373972,-6.95976972504915,-19.069531293172,-13.8773019066153
0.151351351351351,-10.2241188636709,-6.95248407745552,-19.0674977142528,-13.8682985378209
0.153253253253253,-10.2230894527597,-6.94534942059961,-19.0665859536423,-13.859533068219
0.155155155155155,-10.222222538048,-6.93835186824669,-19.0667370950602,-13.8509992994314
0.157057057057057,-10.2214962151263,-6.931478115548,-19.0678932115399,-13.8426908631402
0.158958958958959,-10.220889420837,-6.92471542381836,-19.069997359048,-13.8346012295085
0.160860860860861,-10.2203819126686,-6.91805160557687,-19.0729935700537,-13.826723715435
0.162762762762763,-10.2199542484923,-6.91147500984738,-19.0768268470494,-13.8190514926428
0.164664664664665,-10.2195877666387,-6.90497450771593,-19.0814431560251,-13.8115775956052
0.166566566566567,-10.21926456631,-6.89853947814206,-19.0867894198973,-13.8042949293104
0.168468468468468,-10.2189674883242,-6.89215979402087,-19.0928135118937,-13.797196276867
0.17037037037037,-10.2186800961869,-6.88582580849322,-19.0994642488957,-13.7902743069519
0.172272272272272,-10.2183866574873,-6.87952834150073,-19.1066913847395,-13.783521581104
0.174174174174174,-10.2180721256151,-6.87325866658296,-19.1144456034775,-13.7769305608634
0.176076076076076,-10.2177221217932,-6.8670084979137,-19.122678512602,-13.7704936147598
0.177977977977978,-10.2173229174244,-6.8607699775737,-19.1313426362307,-13.7642030251514
0.17987987987988,-10.2168614167463,-6.8545356630567,-19.1403914082582,-13.758050994916
0.181781781781782,-10.2163251397923,-6.84829851500623,-19.1497791654715,-13.7520296539965
0.183683683683684,-10.2157022056548,-6.8420518851802,-19.1594611406344,-13.7461310658022
0.185585585585586,-10.2149813160464,-6.83578950464058,-19.1693934555387,-13.7403472334689
0.187487487487488,-10.2141517391561,-6.82950547216534,-19.1795331140259,-13.7346701059775
0.189389389389389,-10.2132032937964,-6.82319424288,-19.18983799498,-13.7290915841356
0.191291291291291,-10.212126333839,-6.81685061710603,-19.2002668452919,-13.7236035264213
0.193193193193193,-10.2109117329338,-6.8104697294234,-19.210779272798,-13.718197754693
0.195095095095095,-10.2095508695091,-6.80404703794462,-19.2213357391931,-13.7128660597656
0.196996996996997,-10.2080356120497,-6.79757831379765,-19.2318975529194,-13.7076002068562
0.198898898898899,-10.2063583046481,-6.79105963081501,-19.2424268620327,-13.7023919408989
0.200800800800801,-10.2045117528266,-6.78448735542649,-19.2528866470474,-13.6972329917334
0.202702702702703,-10.2024892096272,-6.77785813675289,-19.2632407137603,-13.6921150791662
0.204604604604605,-10.2002843619646,-6.77116889689827,-19.2734536860557,-13.6870299179081
0.206506506506507,-10.1978913172404,-6.76441682143803,-19.2834909986927,-13.6819692223884
0.208408408408408,-10.1953045902146,-6.75759935010044,-19.2933188900752,-13.676924711449
0.21031031031031,-10.1925190901307,-6.75071416763912,-19.3029043950058,-13.6718881129177
0.212212212212212,-10.1895301080927,-6.74375919489378,-19.3122153374262,-13.6668511680653
0.214114114114114,-10.186333304689,-6.73673258003711,-19.3212203231427,-13.6618056359449
0.216016016016016,-10.1829246978611,-6.72963269000502,-19.3298887325406,-13.6567432976183
0.217917917917918,-10.1793006510137,-6.72245810210807,-19.3381907132862,-13.6516559602683
0.21981981981982,-10.1754578613635,-6.7152075958216,-19.3460971730194,-13.6465354612002
0.221721721721722,-10.1713933485226,-6.70788014475212,-19.3535797720364,-13.6413736717333
0.223623623623624,-10.1671044433146,-6.70047490877772,-19.3606109159646,-13.6361625009844
0.225525525525526,-10.1625887768193,-6.69299122636008,-19.3671637484309,-13.6308938995443
0.227427427427427,-10.1578442696445,-6.68542860702578,-19.3732121437229,-13.6255598630497
0.229329329329329,-10.1528691214196,-6.67778672401466,-19.3787306994459,-13.6201524356512
0.231231231231231,-10.1476618005108,-6.67006540709283,-19.3836947291754,-13.6146637133786
0.233133133133133,-10.1422210339524,-6.66226463552821,-19.3880802551068,-13.609085847407
0.235035035035035,-10.1365457975932,-6.65438453122631,-19.3918640007031,-13.603411047222
0.236936936936937,-10.1306353064539,-6.64642535202395,-19.3950233833409,-13.597631583689
0.238838838838839,-10.1244890052937,-6.63838748513885,-19.397536506957,-13.5917397920248
0.240740740740741,-10.1181065593821,-6.63027144077283,-19.3993821546956,-13.5857280746752
0.242642642642643,-10.111487845474,-6.62207784586646,-19.4005397815564,-13.5795889040993
0.244544544544545,-10.1046329429849,-6.61380743800302,-19.4009895070468,-13.5733148254613
0.246446446446446,-10.0975421253634,-6.60546105945971,-19.4007121078364,-13.5668984592324
0.248348348348348,-10.0902158516589,-6.59703965140386,-19.3996890104165,-13.560332503703
0.25025025025025,-10.0826547582807,-6.58854424823223,-19.3979022837647,-13.5536097374076
0.252152152152152,-10.0748596509466,-6.57997597205118,-19.3953346320161,-13.5467230214629
0.254054054054054,-10.0668314968183,-6.57133602729574,-19.3919693871412,-13.539665301821
0.255955955955956,-10.0585714168207,-6.56262569548553,-19.3877905016315,-13.5324296114391
0.257857857857858,-10.0500806781425,-6.55384633011555,-19.3827825411945,-13.5250090723664
0.25975975975976,-10.0413606869158,-6.54499935167972,-19.3769306774577,-13.5173968977501
0.261661661661662,-10.0324129810714,-6.53608624282539,-19.3702206806836,-13.5095863937615
0.263563563563564,-10.0232392233685,-6.52710854363669,-19.3626389124947,-13.5015709614443
0.265465465465465,-10.0138411945951,-6.51806784704486,-19.3541723186123,-13.4933440984844
0.267367367367367,-10.0042207869371,-6.50896579436363,-19.3448084216065,-13.4848994009049
0.269269269269269,-9.99437999751348,-6.49980407094768,-19.3345353136602,-13.476230564686
0.271171171171171,-9.98432092207544,-6.49058440197246,-19.3233416493482,-13.4673313873111
0.273073073073073,-9.97404574886665,-6.48130854833326,-19.3112166384301,-13.4581957692413
0.274974974974975,-9.96355675264239,-6.4719783026619,-19.2981500386601,-13.4488177153187
0.276876876876877,-9.95285628884514,-6.46259548545902,-19.2841321486123,-13.4391913360992
0.278778778778779,-9.94194678793435,-6.45316194134034,-19.2691538005245,-13.4293108491181
0.280680680680681,-9.93083074986789,-6.44367953539489,-19.2532063531588,-13.4191705800868
0.282582582582583,-9.91951073873299,-6.43415014965359,-19.2362816846815,-13.4087649640244
0.284484484484484,-9.90798937752433,-6.42457567966633,-19.2183721855623,-13.3980885463234
0.286386386386386,-9.89626934306699,-6.41495803118581,-19.1994707514933,-13.387135983752
0.288288288288288,-9.8843533610819,-6.4052991169564,-19.1795707763288,-13.3759020453931
0.29019019019019,-9.87224420139187,-6.39560085360636,-19.1586661450467,-13.3643816135223
0.292092092092092,-9.85994467326551,-6.38586515864163,-19.1367512267316,-13.3525696844248
0.293993993993994,-9.84745762089736,-6.37609394753959,-19.1138208675806,-13.3404613691527
0.295895895895896,-9.83478591902158,-6.36628913094106,-19.0898703839323,-13.3280518942245
0.297797797797798,-9.82193246865745,-6.35645261193896,-19.06489555532,-13.3153366022672
0.2996996996997,-9.80890019298428,-6.34658628346185,-19.0388926175493,-13.3023109526013
0.301601601601602,-9.79569203334367,-6.336692025751,-19.0118582558004,-13.2889705217724
0.303503503503504,-9.78231094536723,-6.32677170392905,-18.9837895977563,-13.2753110040266
0.305405405405405,-9.76875989522734,-6.31682716565895,-18.9546842067577,-13.2613282117347
0.307307307307307,-9.75504185600922,-6.30686023889148,-18.9245400749844,-13.2470180757629
0.309209209209209,-9.74115980420212,-6.29687272969981,-18.8933556166634,-13.2323766457936
0.311111111111111,-9.72711671630762,-6.28686642019958,-18.8611296613064,-13.2174000905956
0.313013013013013,-9.71291556556315,-6.27684306655296,-18.8278614469745,-13.202084698245
0.314914914914915,-9.69855931877866,-6.26680439705525,-18.7935506135724,-13.186426876299
0.316816816816817,-9.68405093328449,-6.25675211030233,-18.7581971961725,-13.1704231519215
0.318718718718719,-9.66939335398865,-6.24668787343778,-18.7218016183683,-13.1540701719638
0.320620620620621,-9.65458951054141,-6.23661332047798,-18.6843646856587,-13.137364702999
0.322522522522523,-9.63964231460542,-6.22653005071377,-18.6458875788638,-13.1203036313129
0.324424424424424,-9.62455465722953,-6.21643962718739,-18.6063718475715,-13.1028839628517
0.326326326326326,-9.60932940632432,-6.20634357524307,-18.5658194036163,-13.0851028231266
0.328228228228228,-9.59396940423757,-6.19624338115006,-18.524232514591,-13.0669574570781
0.33013013013013,-9.57847746542803,-6.18614049079657,-18.481613797391,-13.0484452288989
0.332032032032032,-9.56285637423529,-6.17603630845333,-18.4379662117919,-13.0295636218172
0.333933933933934,-9.54710888274448,-6.16593219560542,-18.393293054061,-13.010310237842
0.335835835835836,-9.53123770874356,-6.15582946985094,-18.3475979506033,-12.9906827974695
0.337737737737738,-9.51524553377184,-6.14572940386528,-18.3008848516419,-12.9706791393534
0.33963963963964,-9.4991350012578,-6.13563322442966,-18.2531580249337,-12.9502972199386
0.341541541541542,-9.48290871474454,-6.12554211152263,-18.2044220495203,-12.9295351130594
0.343443443443443,-9.46656923620126,-6.11545719747318,-18.1546818095154,-12.9083910095037
0.345345345345345,-9.45011908441899,-6.10537956617432,-18.1039424879278,-12.8868632165434
0.347247247247247,-9.433560733489,-6.0953102523558,-18.0522095605213,-12.8649501574316
0.349149149149149,-9.41689661136227,-6.08525024091465,-17.9994887897122,-12.8426503708686
0.351051051051051,-9.40012909848829,-6.07520046630253,-17.9457862185034,-12.8199625104354
0.352952952952953,-9.38326052653182,-6.06516181196839,-17.8911081644569,-12.7968853439982
0.354854854854855,-9.36629317716574,-6.05513510985549,-17.8354612137039,-12.7734177530823
0.356756756756757,-9.34922928093871,-6.04512113995144,-17.7788522149938,-12.7495587322174
0.358658658658659,-9.33207101621594,-6.03512062989014,-17.721288273782,-12.7253073882545
0.360560560560561,-9.31482050819152,-6.02513425460445,-17.6627767463564,-12.7006629396563
0.362462462462462,-9.29747982797099,-6.01516263602845,-17.6033252340037,-12.6756247157596
0.364364364364364,-9.2800509917224,-6.00520634284813,-17.5429415772154,-12.6501921560131
0.366266266266266,-9.26253595989466,-5.99526589029946,-17.481633849934,-12.6243648091893
0.368168168168168,-9.24493663650143,-5.98534174001261,-17.419410353839,-12.5981423325721
0.37007007007007,-9.22725486846943,-5.9754342999013,-17.3562796126741,-12.5715244911205
0.371971971971972,-9.20949244504944,-5.96554392409631,-17.2922503666151,-12.54451115661
0.373873873873874,-9.19165109728881,-5.95567091292178,-17.2273315666793,-12.5171023067504
0.375775775775776,-9.17373249756402,-5.94581551291355,-17.1615323691755,-12.4892980242831
0.377677677677678,-9.15573825917184,-5.93597791687838,-17.0948621301966,-12.4610984960566
0.37957957957958,-9.13766993597781,-5.92615826399292,-17.0273304001538,-12.4325040120822
0.381481481481481,-9.11952902212073,-5.91635663994159,-16.9589469183533,-12.4035149645696
0.383383383383383,-9.10131695177178,-5.90657307709225,-16.8897216076143,-12.3741318469435
0.385285285285285,-9.08303509894688,-5.89680755470867,-16.8196645689317,-12.3443552528427
0.387187187187187,-9.06468477737124,-5.88705999919887,-16.7487860761794,-12.3141858750995
0.389089089089089,-9.04626724039453,-5.87733028439834,-16.6770965708586,-12.2836245047045
0.390990990990991,-9.0277836809556,-5.86761823188713,-16.6046066568881,-12.2526720297523
0.392892892892893,-9.00923523159548,-5.85792361134,-16.5313270954389,-12.2213294343735
0.394794794794795,-8.99062296451736,-5.84824614090847,-16.457268799812,-12.1895977976498
0.396696696696697,-8.97194789169233,-5.83858548763414,-16.3824428303604,-12.157478292515
0.398598598598599,-8.95321096500988,-5.8289412678921,-16.3068603894548,-12.1249721846424
0.4005005005005,-8.93441307647153,-5.81931304786374,-16.2305328164943,-12.0920808313175
0.402402402402402,-8.91555505842703,-5.80970034403787,-16.1534715829601,-12.0588056802982
0.404304304304304,-8.89663768385141,-5.80010262373954,-16.0756882875156,-12.0251482686632
0.406206206206206,-8.87766166666209,-5.79051930568541,-15.9971946511494,-11.9911102216474
0.408108108108108,-8.85862766207473,-5.78094976056501,-15.9180025123643,-11.9566932514669
0.41001001001001,-8.83953626699686,-5.77139331164705,-15.8381238224111,-11.9218991561323
0.411911911911912,-8.82038802045813,-5.76184923540977,-15.7575706405671,-11.8867298182527
0.413813813813814,-8.80118340407594,-5.75231676219478,-15.6763551294604,-11.8511872038291
0.415715715715716,-8.7819228425557,-5.74279507688334,-15.5944895504389,-11.8152733610392
0.417617617617618,-8.76260670422446,-5.73328331959442,-15.5119862589858,-11.7789904190128
0.419519519519519,-8.74323530159677,-5.72378058640371,-15.4288577001796,-11.7423405865998
0.421421421421421,-8.72380889197201,-5.71428593008289,-15.3451164042003,-11.7053261511294
0.423323323323323,-8.70432767806199,-5.7047983608582,-15.2607749818818,-11.6679494771631
0.425225225225225,-8.68479180864793,-5.69531684718782,-15.1758461203092,-11.6302130052404
0.427127127127127,-8.66520137926563,-5.68584031655701,-15.0903425784628,-11.592119250618
0.429029029029029,-8.64555643291819,-5.67636765629072,-15.0042771829082,-11.5536708020034
0.430930930930931,-8.62585696081499,-5.66689771438232,-14.9176628235321,-11.5148703202834
0.432832832832833,-8.60610290313622,-5.65742930033849,-14.830512449324,-11.4757205372469
0.434734734734735,-8.58629414982188,-5.64796118603883,-14.7428390642053,-11.4362242543041
0.436636636636637,-8.56643054138446,-5.63849210661012,-14.6546557229036,-11.3963843412006
0.438538538538539,-8.54651186974427,-5.62902076131414,-14.5659755268735,-11.3562037347291
0.44044044044044,-8.52653787908654,-5.61954581444854,-14.4768116202644,-11.3156854374369
0.442342342342342,-8.50650826673964,-5.61006589626011,-14.3871771859341,-11.2748325163306
0.444244244244244,-8.48642268407314,-5.60057960386981,-14.2970854415088,-11.2336481015795
0.446146146146146,-8.46628073741523,-5.5910855022088,-14.2065496354903,-11.1921353852155
0.448048048048048,-8.44608198898846,-5.58158212496499,-14.1155830434089,-11.1502976198326
0.44994994994995,-8.42582595786303,-5.57206797553943,-14.0241989640233,-11.1081381172845
0.451851851851852,-8.40551212092684,-5.56254152801187,-13.9324107155666,-11.0656602473818
0.453753753753754,-8.38513991387145,-5.55300122811506,-13.8402316320395,-11.0228674365885
0.455655655655656,-8.36470873219308,-5.54344549421693,-13.7476750595491,-10.9797631667186
0.457557557557558,-8.34421793220816,-5.53387271831039,-13.6547543526951,-10.9363509736325
0.459459459459459,-8.32366683208229,-5.52428126700989,-13.5614828710022,-10.892634445935
0.461361361361361,-8.30305471287209,-5.51466948255437,-13.4678739753985,-10.8486172236734
0.463263263263263,-8.28238081957918,-5.50503568381595,-13.3739410247413,-10.804302997037
0.465165165165165,-8.2616443622155,-5.49537816731387,-13.2796973723883,-10.7596955050591
0.467067067067067,-8.24084451687917,-5.48569520823308,-13.1851563628165,-10.7147985343201
0.468968968968969,-8.2199804268404,-5.47598506144704,-13.090331328286,-10.6696159176534
0.470870870870871,-8.1990512036367,-5.46624596254413,-12.9952355855512,-10.6241515328535
0.472772772772773,-8.1780559281763,-5.4564761288572,-12.8998824326183,-10.578409301388
0.474674674674675,-8.15699365184989,-5.4466737604958,-12.8042851455481,-10.5323931871117
0.476576576576577,-8.13586339764924,-5.43683704138054,-12.7084569753061,-10.4861071949851
0.478478478478478,-8.11466416129256,-5.42696414027903,-12.6124111446578,-10.4395553697967
0.48038038038038,-8.0933949123556,-5.41705321184321,-12.5161608451111,-10.392741794889
0.482282282282282,-8.07205459540833,-5.4071023976472,-12.4197192339034,-10.3456705908894
0.484184184184184,-8.05064213115595,-5.39710982722556,-12.3230994310358,-10.2983459144456
0.486086086086086,-8.02915641758426,-5.38707361911129,-12.2263145163526,-10.2507719569662
0.487987987987988,-8.00759633110826,-5.37699188187331,-12.1293775266664,-10.2029529433663
0.48988988988989,-7.98596072772388,-5.36686271515279,-12.0323014529293,-10.1548931308192
0.491791791791792,-7.96424844416172,-5.35668421069813,-11.9350992374494,-10.1065968075128
0.493693693693694,-7.9424582990428,-5.34645445339787,-11.8377837711529,-10.0580682914136
0.495595595595596,-7.9205890940354,-5.33617152231157,-11.7403678908914,-10.0093119290352
0.497497497497497,-7.89863961501241,-5.32583349169778,-11.6428643767951,-9.96033209421517
0.499399399399399,-7.87660863320906,-5.31543843203901,-11.5452859496702,-9.91113318689712
0.501301301301301,-7.85449490638001,-5.30498441106328,-11.447645268442,-9.86171963192082
0.503203203203203,-7.83229717995552,-5.29446949476174,-11.3499549276431,-9.81209587781903
0.505105105105105,-7.81001418819646,-5.2838917484022,-11.252227454946,-9.7622663956219
0.507007007007007,-7.78764465534687,-5.27324923753796,-11.1544753087407,-9.71223567766913
0.508908908908909,-7.76518729678479,-5.26254002901183,-11.0567108757563,-9.66200823642985
0.510810810810811,-7.74264082016952,-5.25176219195489,-10.9589464687281,-9.61158860333073
0.512712712712713,-7.72000392658606,-5.24091379877956,-10.8611943241083,-9.56098132759216
0.514614614614615,-7.69727531168541,-5.22999292616677,-10.7634665998205,-9.51019097507323
0.516516516516517,-7.67445366682073,-5.21899765604698,-10.6657753730593,-9.45922212712495
0.518418418418418,-7.65153768017904,-5.20792607657453,-10.568132638133,-9.40807937945272
0.52032032032032,-7.62852603790723,-5.19677628309508,-10.4705503043499,-9.35676734098761
0.522222222222222,-7.6054174252332,-5.18554637910602,-10.3730401939493,-9.30529063276684
0.524124124124124,-7.58221052758058,-5.1742344772093,-10.2756140400742,-9.25365388682376
0.526026026026026,-7.55890403167739,-5.16283870005647,-10.1782834847887,-9.20186174508728
0.527927927927928,-7.53549662665771,-5.15135718128587,-10.0810600771383,-9.14991885829104
0.52982982982983,-7.51198700515654,-5.13978806645123,-9.98395527125194,-9.09782988489244
0.531731731731732,-7.48837386439689,-5.12812951394201,-9.88698042448845,-9.04559949000165
0.533633633633634,-7.46465590726921,-5.1163796958946,-9.7901467956245,-8.99323234432088
0.535535535535535,-7.44083184340248,-5.10453679909468,-9.69346554308526,-8.94073312309386
0.537437437437437,-7.41690039022691,-5.0925990258701,-9.59694772321722,-8.88810650506584
0.539339339339339,-7.39286027402757,-5.08056459497422,-9.50060428860331,-8.83535717145409
0.541241241241241,-7.36871023098874,-5.06843174245952,-9.40444608641949,-8.78248980492922
0.543143143143143,-7.34444900822914,-5.05619872254103,-9.30848385683327,-8.72950908860731
0.545045045045045,-7.32007536482679,-5.04386380844964,-9.2127282314436,-8.67641970505288
0.546946946946947,-7.29558807283387,-5.0314252932749,-9.11718973176194,-8.6232263352932
0.548848848848849,-7.27098591828137,-5.0188814907971,-9.02187876773464,-8.56993365784352
0.550750750750751,-7.24626770217258,-5.00623073630853,-8.926805636306,-8.51654634774381
0.552652652652653,-7.22143224146586,-4.99347138742368,-8.83198052002194,-8.46306907560676
0.554554554554554,-7.196478370046,-4.98060182487814,-8.73741348567438,-8.40950650667748
0.556456456456456,-7.17140493968396,-4.96762045331604,-8.64311448298554,-8.35586329990459
0.558358358358358,-7.14621082098462,-4.95452570206593,-8.5490933433326,-8.3021441070232
0.56026026026026,-7.12089490432308,-4.94131602590481,-8.45535977851183,-8.24835357164959
0.562162162162162,-7.09545610076782,-4.92798990581027,-8.36192337954263,-8.19449632838779
0.564064064064064,-7.06989334299185,-4.91454584970046,-8.26879361551065,-8.14057700194815
0.565965965965966,-7.04420558617074,-4.90098239316175,-8.17597983245036,-8.08660020627795
0.567867867867868,-7.01839180886808,-4.88729810016408,-8.08349125226615,-8.03257054370406
0.56976976976977,-6.99245101390714,-4.87349156376366,-7.99133697169264,-7.9784926040879
0.571671671671672,-6.96638222922958,-4.85956140679303,-7.89952596129284,-7.92437096399258
0.573573573573574,-6.9401845087403,-4.8455062825382,-7.80806706449501,-7.87021018586236
0.575475475475476,-6.91385693313845,-4.83132487540293,-7.71696899666731,-7.81601481721456
0.577377377377377,-6.88739861073468,-4.81701590155994,-7.62624034423006,-7.76178938984384
0.579279279279279,-6.86080867825378,-4.80257810958877,-7.53588956380596,-7.70753841903894
0.581181181181181,-6.83408630162346,-4.78801028110043,-7.44592498140687,-7.65326640281209
0.583083083083083,-6.80723067674823,-4.77331123134881,-7.35635479165824,-7.59897782114093
0.584984984984985,-6.78024103026867,-4.75847980982829,-7.26718705706001,-7.54467713522296
0.586886886886887,-6.75311662030609,-4.74351490085788,-7.17842970728393,-7.49036878674289
0.588788788788789,-6.72585673719207,-4.7284154241517,-7.09009053850732,-7.43605719715242
0.590690690690691,-6.69846070418263,-4.71318033537568,-7.00217721278285,-7.38174676696307
0.592592592592593,-6.67092787815769,-4.69780862669016,-6.91469725744379,-7.32744187505145
0.594494494494495,-6.64325765030475,-4.682299327279,-6.82765806454518,-7.27314687797762
0.596396396396396,-6.61544944678709,-4.66665150386432,-6.74106689033974,-7.21886610931602
0.598298298298298,-6.58750272939663,-4.65086426120726,-6.65493085478903,-7.16460387899945
0.6002002002002,-6.55941699619099,-4.63493674259465,-6.56925694110934,-7.11036447267573
0.602102102102102,-6.53119178211432,-4.61886813031156,-6.48405199535186,-7.05615215107743
0.604004004004004,-6.50282665960293,-4.60265764609928,-6.39932272601687,-7.00197114940413
0.605905905905906,-6.47432123917439,-4.58630455159959,-6.31507570370236,-6.94782567671814
0.607807807807808,-6.44567517000073,-4.56980814878404,-6.23131736078563,-6.89371991535241
0.60970970970971,-6.4168881404655,-4.55316778036938,-6.14805399113852,-6.83965802033201
0.611611611611612,-6.38795987870451,-4.53638283021827,-6.06529174987579,-6.78564411880798
0.613513513513513,-6.35889015313035,-4.51945272372575,-5.98303665313615,-6.7316823095044
0.615415415415415,-6.32967877294056,-4.50237692819107,-5.90129457789565,-6.67777666217827
0.617317317317317,-6.30032558860921,-4.48515495317524,-5.82007126181373,-6.62393121709213
0.619219219219219,-6.27083049236237,-4.46778635084394,-5.73937230311082,-6.57014998449973
0.621121121121121,-6.24119341863667,-4.45027071629588,-5.65920316047765,-6.51643694414443
0.623023023023023,-6.21141434452136,-4.4326076878768,-5.57956915301616,-6.46279604477055
0.624924924924925,-6.1814932901844,-4.41479694747901,-5.50047546021124,-6.40923120364743
0.626826826826827,-6.15143031928094,-4.39683822082581,-5.42192712193322,-6.35574630610627
0.628728728728729,-6.12122553934579,-4.37873127774223,-5.34392903847133,-6.3023452050899
0.630630630630631,-6.09087910216923,-4.36047593241074,-5.26648597059699,-6.24903172071506
0.632532532532532,-6.06039120415589,-4.34207204361253,-5.18960253965671,-6.19580963984763
0.634434434434434,-6.02976208666725,-4.32351951495425,-5.11328322769553,-6.14268271569034
0.636336336336336,-5.99899203634692,-4.30481829508057,-5.03753237760892,-6.08965466738327
0.638238238238238,-5.96808138543016,-4.28596837787186,-4.96235419332404,-6.03672917961688
0.64014014014014,-5.93703051203554,-4.26696980262775,-4.88775274001005,-5.98390990225758
0.642042042042042,-5.90583984044081,-4.2478226542361,-4.81373194431636,-5.93120044998599
0.643943943943944,-5.87450984134205,-4.22852706332783,-4.7402955946392,-5.87860440194747
0.645845845845846,-5.84304103209559,-4.20908320641723,-4.66744734141615,-5.82612530141529
0.647747747747748,-5.81143397694369,-4.18949130602781,-4.59519069744809,-5.77376665546596
0.64964964964965,-5.77968928722416,-4.16975163080446,-4.52352903824852,-5.72153193466719
0.651551551551552,-5.7478076215619,-4.14986449561074,-4.45246560241955,-5.66942457277785
0.653453453453453,-5.7157896860462,-4.12983026161249,-4.38200349205485,-5.61744796646041
0.655355355355355,-5.68363623438888,-4.10964933634712,-4.31214567316861,-5.56560547500535
0.657257257257257,-5.65134806806844,-4.08932217377889,-4.24289497615084,-5.5139004200678
0.659159159159159,-5.61892603645618,-4.06884927434017,-4.17425409624803,-5.46233608541641
0.661061061061061,-5.58637103692666,-4.04823118495876,-4.10622559406961,-5.41091571669361
0.662962962962963,-5.5536840149517,-4.02746849907147,-4.038811896119,-5.35964252118866
0.664864864864865,-5.52086596417854,-4.00656185662374,-3.97201529534999,-5.3085196676219
0.666766766766767,-5.48791792649095,-3.98551194405566,-3.90583795174712,-5.25755028594095
0.668668668668669,-5.45484099205528,-3.96431949427394,-3.84028189293074,-5.20673746712892
0.670570570570571,-5.42163629934995,-3.94298528661118,-3.77534901478533,-5.15608426302384
0.672472472472472,-5.38830503517881,-3.92151014677044,-3.71104108211168,-5.10559368615015
0.674374374374374,-5.35484843466888,-3.8998949467575,-3.64735972930255,-5.05526870956111
0.676276276276276,-5.32126778125271,-3.87814060479895,-3.58430646104055,-5.00511226669326
0.678178178178178,-5.28756440663429,-3.85624808524769,-3.52188265301941,-4.95512725123173
0.68008008008008,-5.25373969073976,-3.83421839847449,-3.46008955268692,-4.90531651698709
0.681981981981982,-5.21979506165223,-3.81205260074743,-3.39892828001022,-4.85568287778344
0.683883883883884,-5.18573199553245,-3.78975179409728,-3.33839982826252,-4.8062291073573
0.685785785785786,-5.1515520165216,-3.76731712617114,-3.27850506483133,-4.75695793926776
0.687687687687688,-5.11725669663211,-3.74474979007237,-3.21924473204756,-4.70787206681754
0.68958958958959,-5.08284765562034,-3.72205102418815,-3.16061944803556,-4.65897414298482
0.691491491491491,-5.04832656084604,-3.69922211200459,-3.10262970758316,-4.61026678036591
0.693393393393393,-5.01369512711716,-3.6762643819094,-3.04527588303236,-4.56175255112846
0.695295295295295,-4.97895511651782,-3.6531792069816,-2.98855822518901,-4.5134339869754
0.697197197197197,-4.94410833822409,-3.62996800477013,-2.93247686425299,-4.46531357911921
0.699099099099099,-4.90915664830311,-3.60663223705875,-2.87703181076632,-4.41739377826664
0.701001001001001,-4.87410194949988,-3.58317340962043,-2.82222295658089,-4.36967699461369
0.702902902902903,-4.83894619100763,-3.55959307195874,-2.7680500758446,-4.32216559785081
0.704804804804805,-4.80369136822519,-3.53589281703829,-2.71451282600525,-4.27486191717822
0.706706706706707,-4.76833952250074,-3.51207428100242,-2.66161074883277,-4.22776824133107
0.708608608608609,-4.7328927408602,-3.48813914288058,-2.60934327145875,-4.18088681861479
0.710510510510511,-4.69735315572329,-3.46408912428333,-2.55770970743313,-4.1342198569496
0.712412412412412,-4.66172294460446,-3.43992598908638,-2.50670925779805,-4.08776952392558
0.714314314314314,-4.62600432980258,-3.41565154310346,-2.45634101217778,-4.04153794686657
0.716216216216216,-4.59019957807449,-3.39126763374824,-2.40660394988588,-3.99552721290395
0.718118118118118,-4.55431100029747,-3.36677614968502,-2.35749694104702,-3.9497393690596
0.72002002002002,-4.51834095111772,-3.34217902046894,-2.30901874773561,-3.90417642233818
0.721921921921922,-4.48229182858615,-3.3174782161752,-2.26116802512881,-3.85884033982842
0.723823823823824,-4.44616607378104,-3.29267574701859,-2.21394332267538,-3.81373304881386
0.725725725725726,-4.40996617041889,-3.26777366296103,-2.16734308527871,-3.7688564368919
0.727627627627628,-4.37369464445223,-3.24277405331059,-2.12136565449405,-3.72421235210214
0.729529529529529,-4.33735406365455,-3.21767904630988,-2.07600926974038,-3.67980260306328
0.731431431431431,-4.30094703719476,-3.1924908087133,-2.03127206952561,-3.63562895911857
0.733333333333333,-4.26447621519794,-3.16721154535652,-1.98715209268492,-3.59169315048945
0.735235235235235,-4.22794428829569,-3.14184349871461,-1.94364727963335,-3.54799686843842
0.737137137137137,-4.19135398716305,-3.11638894845155,-1.90075547362955,-3.50454176543898
0.739039039039039,-4.1547080820466,-3.09085021095977,-1.85847442205339,-3.46132945535474
0.740940940940941,-4.11800938227814,-3.06522963889113,-1.81680177769498,-3.41836151362578
0.742842842842843,-4.08126073577976,-3.03952962067845,-1.77573510005583,-3.37563947746336
0.744744744744745,-4.04446502855639,-3.01375258004764,-1.7352718566614,-3.33316484605188
0.746646646646647,-4.00762518417875,-2.98790097552185,-1.69540942438518,-3.2909390807594
0.748548548548548,-3.97074416325467,-2.96197729991684,-1.65614509078288,-3.24896360535472
0.75045045045045,-3.93382496288962,-2.93598407982753,-1.61747605543853,-3.20723980623226
0.752352352352352,-3.89687061613953,-2.90992387510669,-1.57939943131939,-3.16576903264448
0.754254254254254,-3.85988419144956,-2.88379927833429,-1.54191224614216,-3.12455259694108
0.756156156156156,-3.82286879208632,-2.85761291428102,-1.50501144374791,-3.08359177481512
0.758058058058058,-3.785827555559,-2.83136743936178,-1.46869388548699,-3.04288780555681
0.75995995995996,-3.74876365303045,-2.80506554108295,-1.43295635161249,-3.00244189231325
0.761861861861862,-3.71168028872051,-2.77870993748106,-1.39779554268259,-2.96225520235499
0.763763763763764,-3.67458069929804,-2.75230337655493,-1.36320808097221,-2.92232886735006
0.765665665665666,-3.63746815326593,-2.72584863569078,-1.32919051189093,-2.88266398364292
0.767567567567567,-3.60034595033621,-2.69934852107863,-1.29573930541055,-2.84326161254089
0.769469469469469,-3.56321742079621,-2.67280586712406,-1.2628508574994,-2.80412278060594
0.771371371371371,-3.52608592486808,-2.64622353585154,-1.23052149156396,-2.76524847995347
0.773273273273273,-3.48895485205743,-2.61960441630229,-1.19874745989679,-2.72663966855621
0.775175175175175,-3.45182762049671,-2.59295142392485,-1.16752494513252,-2.6882972705536
0.777077077077077,-3.41470767627829,-2.56626749996061,-1.13685006170878,-2.65022217656831
0.778978978978979,-3.37759849278185,-2.53955561082174,-1.10671885733381,-2.61241524402683
0.780880880880881,-3.34050356999294,-2.51281874746408,-1.07712731445947,-2.57487729748599
0.782782782782783,-3.30342643381414,-2.48605992475525,-1.04807135176013,-2.5376091289649
0.784684684684685,-3.26637063537174,-2.45928218083501,-1.01954682561608,-2.50061149828184
0.786586586586587,-3.2293397503109,-2.43248857647184,-0.991549531602331,-2.46388513339643
0.788488488488488,-3.19233737808874,-2.40568219441456,-0.964075205981494,-2.42743073075627
0.79039039039039,-3.15536714125814,-2.37886613873652,-0.937119527201087,-2.39124895564876
0.792292292292292,-3.11843268474653,-2.35204353417868,-0.910678117395069,-2.35534044255724
0.794194194194194,-3.08153767512722,-2.325217525484,-0.884746543888586,-2.31970579552199
0.796096096096096,-3.04468579988739,-2.29839127673021,-0.859320320705852,-2.28434558850542
0.797997997997998,-3.00788076668638,-2.27156797065678,-0.834394910082242,-2.24926036576135
0.7998998998999,-2.97112630261259,-2.24475080798843,-0.809965723977854,-2.21445064220861
0.801801801801802,-2.93442615343312,-2.21794300675315,-0.786028125594395,-2.17991690380873
0.803703703703704,-2.89778408283786,-2.19114780159835,-0.762577430893753,-2.14565960794759
0.805605605605606,-2.8612038716791,-2.1643684431021,-0.739608910119067,-2.11167918381986
0.807507507507507,-2.82468931720817,-2.13760819707988,-0.717117789317271,-2.07797603281845
0.809409409409409,-2.7882442323037,-2.11087034389136,-0.695099251862096,-2.04455052892716
0.811311311311311,-2.75187244470008,-2.08415817773998,-0.673548439979935,-2.01140301911515
0.813213213213213,-2.71557779620755,-2.05747500597122,-0.65246045627482,-1.97853382373661
0.815115115115115,-2.67936414193279,-2.03082414836884,-0.631830365254693,-1.94594323693303
0.817017017017017,-2.64323534949124,-2.00420893644716,-0.611653194858121,-1.91363152703699
0.818918918918919,-2.60719529821968,-1.97763271274172,-0.591923937980582,-1.88159893698151
0.820820820820821,-2.57124787838273,-1.95109883009598,-0.572637554000337,-1.84984568470914
0.822722722722723,-2.53539699037867,-1.9246106509484,-0.553788970304112,-1.81837196358594
0.824624624624625,-2.49964654394017,-1.89817154661453,-0.535373083811983,-1.78717794281679
0.826526526526526,-2.46400045733355,-1.87178489657057,-0.517384762500686,-1.75626376786322
0.828428428428428,-2.42846265655541,-1.84545408773121,-0.499818846925894,-1.725629560864
0.83033033033033,-2.3930370745264,-1.81918251373067,-0.482670151742607,-1.69527542105653
0.832232232232232,-2.35772765028382,-1.79297357419777,-0.46593346722425,-1.6652014252017
0.834134134134134,-2.32253832817074,-1.76683067403244,-0.449603560778236,-1.6354076280101
0.836036036036036,-2.28747305702586,-1.74075722268202,-0.433675178461122,-1.60589406256905
0.837937937937938,-2.25253578936824,-1.71475663341355,-0.418143046488883,-1.57666074077199
0.83983983983984,-2.21773048058479,-1.68883232258861,-0.403001872745875,-1.54770765375007
0.841741741741742,-2.18306108811447,-1.6629877089349,-0.388246348289542,-1.519034772304
0.843643643643644,-2.14853157062914,-1.63722621282026,-0.373871148852604,-1.49064204733621
0.845545545545546,-2.11414588721959,-1.61155125552332,-0.35987093634019,-1.462529410287
0.847447447447447,-2.07990799657643,-1.5859662585075,-0.346240360325094,-1.43469677356916
0.849349349349349,-2.04582185617084,-1.5604746426922,-0.332974059535719,-1.40714403100434
0.851251251251251,-2.01189142143682,-1.5350798277269,-0.320066663342946,-1.37987105825983
0.853153153153153,-1.97812064495496,-1.50978523126177,-0.307512793239635,-1.35287771328631
0.855055055055055,-1.94451347563022,-1.48459426822462,-0.295307064316646,-1.32616383675679
0.856956956956957,-1.9110738578766,-1.45951035009325,-0.283444086732981,-1.29972925250356
0.858858858858859,-1.87780573080101,-1.43453688417134,-0.271918467180662,-1.27357376795757
0.860760760760761,-1.84471302738479,-1.40967727286577,-0.260724810343977,-1.24769717458848
0.862662662662663,-1.81179967366919,-1.38493491296369,-0.24985772035264,-1.22209924834193
0.864564564564565,-1.77906958794114,-1.36031319491235,-0.239311802229231,-1.19677975007822
0.866466466466466,-1.74652667992105,-1.33581550209932,-0.229081663328742,-1.17173842601265
0.868368368368368,-1.71417484995063,-1.31144521013572,-0.21916191477429,-1.14697500815233
0.87027027027027,-1.68201798818249,-1.28720568613892,-0.209547172882353,-1.1224892147338
0.872172172172172,-1.65005997377625,-1.26310028802147,-0.200232060584806,-1.09828075066129
0.874074074074074,-1.61830467408722,-1.23913236377767,-0.191211208839807,-1.07434930794281
0.875975975975976,-1.58675594386839,-1.21530525077541,-0.182479258037954,-1.05069456612541
0.877877877877878,-1.55541762446676,-1.19162227504916,-0.174030859399718,-1.02731619273072
0.87977977977978,-1.52429354302506,-1.16808675059621,-0.165860676364293,-1.00421384368831
0.881681681681682,-1.49338751168895,-1.14470197867617,-0.157963385970906,-0.981387163768799
0.883583583583583,-1.46270332681046,-1.12147124711087,-0.150333680232297,-0.958835787015509
0.885485485485485,-1.43224476816273,-1.0983978295908,-0.142966267497172,-0.936559337173254
0.887387387387387,-1.40201559815138,-1.0754849849825,-0.135855873806829,-0.914557428119279
0.889289289289289,-1.37201956103415,-1.05273595664147,-0.128997244240974,-0.892829664288275
0.891191191191191,-1.34226038214069,-1.03015397172338,-0.122385144253979,-0.87137564109851
0.893093093093093,-1.3127417670985,-1.00774224050692,-0.116014361003053,-0.850194945376717
0.894994994994995,-1.28346740106198,-0.985503955713821,-0.109879704664461,-0.829287155778193
0.896896896896897,-1.25444094794571,-0.963442291835015,-0.103976009743601,-0.808651843207251
0.898798798798799,-1.22566604966334,-0.941560404463232,-0.0982981363699196,-0.788288571235592
0.900700700700701,-1.19714632536791,-0.919861429624465,-0.0928409715860852,-0.76819689651667
0.902602602602602,-1.16888537070018,-0.898348483119001,-0.0875994306238752,-0.748376369200138
0.904504504504504,-1.14088675704043,-0.877024659865199,-0.0825684581709751,-0.728826533342064
0.906406406406406,-1.11315403076593,-0.855893033246332,-0.0777430296250898,-0.709546927313166
0.908308308308308,-1.08569071251209,-0.834956654463834,-0.0731181523394717,-0.690537084205236
0.91021021021021,-1.05850029643915,-0.814218551895191,-0.0686888668546608,-0.671796532233511
0.912112112112112,-1.03158624950848,-0.793681730457259,-0.0644502481194991,-0.653324795138021
0.914014014014014,-1.00495201075616,-0.773349170971624,-0.0603974067030499,-0.635121392579709
0.915915915915916,-0.978600990583548,-0.753223829542467,-0.0565254899895464,-0.617185840536383
0.917817817817818,-0.952536570042387,-0.733308636931685,-0.0528296833664044,-0.5995176516924
0.91971971971972,-0.926762100132688,-0.71360649794282,-0.0493052113968524,-0.582116335829127
0.921621621621622,-0.901280901108105,-0.694120290812158,-0.045947338982181,-0.564981400207031
0.923523523523523,-0.876096261781829,-0.674852866604887,-0.0427513725090591,-0.54811234995066
0.925425425425425,-0.85121143884508,-0.655807048614715,-0.0397126609877105,-0.531508688424392
0.927327327327327,-0.826629656187759,-0.636985631774536,-0.036826597172503,-0.515169917607398
0.929229229229229,-0.802354104228186,-0.618391382064424,-0.0340886186748151,-0.499095538466703
0.931131131131131,-0.778387939249615,-0.600027035938979,-0.0314942090581027,-0.483285051321609
0.933033033033033,-0.754734282744909,-0.581895299746943,-0.0290388989219004,-0.467737956209341
0.934934934934935,-0.731396220765099,-0.563998849168041,-0.0267182669721784,-0.452453753245479
0.936836836836837,-0.7083768032787,-0.546340328651326,-0.0245279410776611,-0.437431942976014
0.938738738738739,-0.685679043537814,-0.528922350859329,-0.0224635993117701,-0.422672026734267
0.940640640640641,-0.66330591745049,-0.511747496126134,-0.0205209709821119,-0.408173506984282
0.942542542542542,-0.641260362963369,-0.494818311911221,-0.0186958376437403,-0.39393588766684
0.944444444444444,-0.619545279449607,-0.478137312269922,-0.0169840341000231,-0.379958674536704
0.946346346346346,-0.59816352710607,-0.461706977326301,-0.0153814493873377,-0.366241375499836
0.948248248248248,-0.577117926358397,-0.44552975275522,-0.0138840277475119,-0.35278350094179
0.95015015015015,-0.556411257277549,-0.429608049270758,-0.0124877695824885,-0.339584564053448
0.952052052052052,-0.536046258997683,-0.413944242121424,-0.0111887323968354,-0.326644081154937
0.953953953953954,-0.516025629150537,-0.398540670594535,-0.00998303172367088,-0.313961572009537
0.955855855855856,-0.496352023301473,-0.383399637529664,-0.00886684203588217,-0.301536560137096
0.957757757757758,-0.477028054399437,-0.368523408832758,-0.00783639764274113,-0.289368573120607
0.95965965965966,-0.458056292236055,-0.353914213007982,-0.00688799356930048,-0.277457142909752
0.961561561561561,-0.439439262908607,-0.339574240688755,-0.00601798642270523,-0.26580180611465
0.963463463463463,-0.421179448293454,-0.325505644184375,-0.0052227952406021,-0.254402104305106
0.965365365365365,-0.403279285536389,-0.311710537027576,-0.0044989023250821,-0.24325758429088
0.967267267267267,-0.385741166541852,-0.298190993536153,-0.00384285406076046,-0.232367798407097
0.969169169169169,-0.368567437476745,-0.28494904837812,-0.0032512617161693,-0.221732304791953
0.971071071071071,-0.351760398285872,-0.271986696150478,-0.00272080222852011,-0.211350667657582
0.972972972972973,-0.335322302209146,-0.259305890960189,-0.00224821897449701,-0.20122245755638
0.974874874874875,-0.319255355318109,-0.246908546020922,-0.0018303225223768,-0.191347251642453
0.976776776776777,-0.303561716057462,-0.234796533249064,-0.0014639913683574,-0.181724633926422
0.978678678678679,-0.288243494793729,-0.22297168288129,-0.0011461726572044,-0.172354195527928
0.980580580580581,-0.273302753382584,-0.211435783085598,-0.000873882884881994,-0.163235534917471
0.982482482482482,-0.258741504733454,-0.200190579594441,-0.000644208584830608,-0.154368258157954
0.984384384384384,-0.244561712399967,-0.189237775339045,-0.000454306998410203,-0.145751979136827
0.986286286286286,-0.230765290164989,-0.178579030096149,-0.000301406727007958,-0.13738631979334
0.988188188188188,-0.217354101648358,-0.168215960142994,-0.000182808368226262,-0.129270910341361
0.99009009009009,-0.204329959917001,-0.158150137918039,-9.58851329500021e-05,-0.121405389486549
0.991991991991992,-0.191694627111684,-0.148383091697177,-3.80834478228564e-05,-0.113789404635341
0.993893893893894,-0.179449814079963,-0.138916305277561,-6.92353966513792e-06,-0.106422612098298
0.995795795795796,-0.167597180019673,-0.129751217661948,0,-0.0993046772930768
0.997697697697698,-0.15613833213807,-0.120889222767644,-1.49823353616796e-05,-0.0924352749311588
0.9995995995996,-0.145074825312424,-0.112331669131571,-4.96154990194952e-05,-0.0858140892093733
1.0015015015015,-0.134408161777007,-0.104079859633799,-0.000101720404199312,-0.0794408139868423
1.0034034034034,-0.124139790803589,-0.0961350512221557,-0.000169194420578833,-0.073315152962488
1.00530530530531,-0.114271108400597,-0.0884984546562322,-0.000250011851075982,-0.0674368198403581
1.00720720720721,-0.104803457031178,-0.0811712342533326,-0.000342224395417645,-0.061805538494534
1.00910910910911,-0.0957381253252301,-0.0741545076447281,-0.000443961590178787,-0.0564210431216985
1.01101101101101,-0.0870763478217249,-0.0674493455493064,-0.000553431234219914,-0.0512830783955387
1.01291291291291,-0.0788193047015575,-0.0610567715443864,-0.000668919795099754,-0.0463913996044578
1.01481481481481,-0.0709681215556621,-0.0549777618584919,-0.000788792797919768,-0.0417457727929325
1.01671671671672,-0.0635238691406457,-0.0492132451661256,-0.000911495194252154,-0.0373459748909202
1.01861861861862,-0.0564875631608039,-0.0437641023963593,-0.00103555171842018,-0.0331917938376876
1.02052052052052,-0.0498601640632153,-0.0386311665490311,-0.00115956721467825,-0.0292830287004016
1.02242242242242,-0.0436425768246558,-0.0338152225225059,-0.00128222695907709,-0.0256194897858073
1.02432432432432,-0.0378356507830695,-0.0293170069501798,-0.00140229695402283,-0.0222009987449869
1.02622622622623,-0.0324401794415898,-0.025137208048708,-0.00151862420617022,-0.0190273886718249
1.02812812812813,-0.0274569003191765,-0.0212764654730044,-0.0016301369893803,-0.0160985041967496
1.03003003003003,-0.0228864947911624,-0.0177353701883476,-0.00173584508513613,-0.0134142015690539
1.03193193193193,-0.0187295879472167,-0.0145144643419002,-0.00183484000566025,-0.0109743487413692
1.03383383383383,-0.014986748465347,-0.0116142411530618,-0.00192629520077148,-0.0087788254365595
1.03573573573574,-0.0116584884914097,-0.00903514481273859,-0.00200946624334719,-0.00682752321792357
1.03763763763764,-0.00874526353533156,-0.00677757038966575,-0.00208369099669881,-0.00512034554643925
1.03953953953954,-0.00624747237310785,-0.00484186374621487,-0.00214838976431508,-0.00365720783395496
1.04144144144144,-0.00416545696626613,-0.00322832147079311,-0.00220306542059134,-0.00243803749236804
1.04334334334334,-0.00249950239342311,-0.00193719081428156,-0.00224730352329416,-0.00146277396844852
1.04524524524525,-0.00124983678421486,-0.000968669639018316,-0.00228077240589286,-0.000731368782965092
1.04714714714715,-0.000416631282337931,-0.000322906377014931,-0.00230322325412047,-0.000243785548649456
1.04904904904905,0,0,-0.00231449016001761,-2.32702745961433e-13
1.05095095095095,-6.03961325396085e-14,-7.105427357601e-14,-0.00231449015981511,0
1.05285285285285,-0.000416631283716384,-0.000322906376865717,-0.00230322325437271,-0.000243785548420306
1.05475475475475,-0.00124983678619728,-0.000968669638318431,-0.00228077240610602,-0.00073136878257607
1.05665665665666,-0.00249950239354391,-0.00193719081460131,-0.00224730352334035,-0.00146277396850181
1.05855855855856,-0.00416545696724668,-0.003228321470651,-0.00220306542031778,-0.00243803749249061
1.06046046046046,-0.0062474723733601,-0.00484186374600526,-0.00214838976421916,-0.00365720783348777
1.06236236236236,-0.00874526353655014,-0.00677757038921101,-0.00208369099659222,-0.00512034554543739
1.06426426426426,-0.0116584884926425,-0.00903514481304057,-0.00200946624322995,-0.00682752321732671
1.06616616616617,-0.0149867484665727,-0.0116142411532429,-0.00192629520102727,-0.00877882543637654
1.06806806806807,-0.0187295879472451,-0.0145144643416302,-0.00183484000577749,-0.0109743487417155
1.06996996996997,-0.0228864947912513,-0.0177353701886354,-0.0017358450845677,-0.013414201568537
1.07187187187187,-0.0274569003201428,-0.021276465473882,-0.00163013698869463,-0.016098504196524
1.07377377377377,-0.0324401794426414,-0.0251372080487542,-0.00151862420618798,-0.0190273886717272
1.07567567567568,-0.0378356507835953,-0.029317006950464,-0.00140229695411165,-0.022200998744264
1.07757757757758,-0.0436425768266027,-0.0338152225232093,-0.00128222695904512,-0.0256194897860027
1.07947947947948,-0.0498601640626788,-0.0386311665493544,-0.00115956721467469,-0.0292830287003092
1.08138138138138,-0.0564875631629569,-0.0437641023971267,-0.00103555171840952,-0.0331917938376094
1.08328328328328,-0.0635238691401803,-0.0492132451668965,-0.000911495194344525,-0.0373459748901759
1.08518518518519,-0.0709681215579998,-0.0549777618590355,-0.000788792797649762,-0.0417457727923445
1.08708708708709,-0.0788193047042967,-0.0610567715447914,-0.000668919794410527,-0.0463913996036283
1.08898898898899,-0.0870763478234302,-0.0674493455494272,-0.000553431234287416,-0.0512830783952509
1.09089089089089,-0.0957381253279266,-0.0741545076455097,-0.000443961590118391,-0.0564210431215564
1.09279279279279,-0.10480345703246,-0.0811712342535564,-0.000342224395303958,-0.06180553849339
1.09469469469469,-0.114271108402566,-0.0884984546561931,-0.000250011850805976,-0.0674368198397737
1.0965965965966,-0.124139790805732,-0.0961350512224826,-0.000169194419562757,-0.0733151529611806
1.0984984984985,-0.134408161779806,-0.104079859633465,-0.000101720404416028,-0.079440813986146
1.1004004004004,-0.14507482531614,-0.112331669131756,-4.96154991083131e-05,-0.0858140892082471
1.1023023023023,-0.156138332139303,-0.120889222767268,-1.49823353865486e-05,-0.0924352749303932
1.1042042042042,-0.167597180022245,-0.129751217661926,-1.06581410364015e-13,-0.099304677292718
1.10610610610611,-0.179449814083551,-0.138916305278549,-6.92353957276737e-06,-0.106422612098365
1.10800800800801,-0.191694627115339,-0.14838309169776,-3.80834483522108e-05,-0.113789404635339
1.10990990990991,-0.204329959920752,-0.158150137918522,-9.58851328682897e-05,-0.121405389485426
1.11181181181181,-0.217354101649711,-0.16821596014368,-0.000182808368364817,-0.129270910341168
1.11371371371371,-0.230765290168296,-0.1785790300979,-0.000301406726901376,-0.137386319791835
1.11561561561562,-0.244561712405122,-0.189237775340583,-0.000454306998044274,-0.145751979135426
1.11751751751752,-0.258741504737547,-0.200190579594057,-0.000644208583860717,-0.154368258157458
1.11941941941942,-0.2733027533856,-0.211435783085978,-0.000873882884093291,-0.163235534917272
1.12132132132132,-0.288243494796209,-0.222971682882147,-0.00114617265696992,-0.172354195527173
1.12322322322322,-0.303561716060358,-0.23479653324949,-0.00146399136839648,-0.18172463392578
1.12512512512513,-0.319255355322621,-0.246908546021626,-0.00183032252192206,-0.19134725164084
1.12702702702703,-0.335322302211988,-0.259305890961198,-0.00224821897427319,-0.201222457555174
1.12892892892893,-0.351760398289496,-0.271986696150805,-0.00272080222830695,-0.211350667656465
1.13083083083083,-0.368567437482231,-0.284949048379456,-0.00325126171606271,-0.221732304791114
1.13273273273273,-0.385741166546058,-0.298190993537396,-0.0038428540608848,-0.232367798405635
1.13463463463463,-0.403279285540297,-0.311710537028048,-0.00449890232473393,-0.243257584289454
1.13653653653654,-0.421179448298385,-0.325505644185295,-0.0052227952404742,-0.254402104304088
1.13843843843844,-0.439439262910742,-0.339574240690755,-0.00601798642259865,-0.265801806113478
1.14034034034034,-0.458056292240325,-0.353914213008473,-0.00688799356930048,-0.277457142908329
1.14224224224224,-0.477028054403714,-0.368523408833688,-0.00783639764279798,-0.289368573119766
1.14414414414414,-0.496352023305846,-0.38339963753117,-0.00886684203582888,-0.301536560136649
1.14604604604605,-0.516025629154679,-0.398540670595132,-0.00998303172295678,-0.313961572008939
1.14794794794795,-0.536046259001598,-0.413944242122493,-0.0111887323967075,-0.326644081153853
1.14984984984985,-0.556411257283511,-0.42960804927143,-0.0124877695814689,-0.339584564051714
1.15175175175175,-0.577117926362913,-0.445529752756208,-0.0138840277468475,-0.352783500939779
1.15365365365365,-0.598163527111364,-0.461706977327413,-0.0153814493868936,-0.366241375498364
1.15555555555556,-0.619545279455,-0.478137312270785,-0.0169840340993765,-0.379958674533547
1.15745745745746,-0.641260362967564,-0.494818311913747,-0.0186958376433068,-0.393935887664293
1.15935935935936,-0.663305917456182,-0.511747496127231,-0.0205209709819094,-0.408173506983282
1.16126126126126,-0.685679043542496,-0.528922350860061,-0.0224635993112514,-0.422672026732641
1.16316316316316,-0.708376803285667,-0.546340328651958,-0.0245279410773414,-0.437431942974642
1.16506506506507,-0.731396220772258,-0.563998849169831,-0.0267182669720754,-0.452453753242965
1.16696696696697,-0.754734282750665,-0.581895299747195,-0.0290388989220105,-0.467737956207367
1.16886886886887,-0.778387939253971,-0.600027035939927,-0.031494209057815,-0.483285051318662
1.17077077077077,-0.802354104233874,-0.618391382065997,-0.0340886186744775,-0.499095538465289
1.17267267267267,-0.826629656193976,-0.636985631775726,-0.0368265971722259,-0.515169917605707
1.17457457457457,-0.851211438851173,-0.655807048616246,-0.0397126609873553,-0.531508688422434
1.17647647647648,-0.87609626178936,-0.674852866604496,-0.0427513725082598,-0.548112349948235
1.17837837837838,-0.901280901112202,-0.69412029081241,-0.0459473389811649,-0.564981400204447
1.18028028028028,-0.926762100135793,-0.713606497944689,-0.0493052113962129,-0.582116335826804
1.18218218218218,-0.952536570047606,-0.733308636932662,-0.0528296833661628,-0.599517651690181
1.18408408408408,-0.978600990591495,-0.753223829543678,-0.0565254899893723,-0.617185840533601
1.18598598598599,-1.00495201076317,-0.773349170972022,-0.0603974067023465,-0.635121392576343
1.18788788788789,-1.03158624951336,-0.793681730458751,-0.0644502481198046,-0.653324795134042
1.18978978978979,-1.05850029644462,-0.814218551896886,-0.0686888668541528,-0.671796532230932
1.19169169169169,-1.0856907125189,-0.834956654464499,-0.0731181523387328,-0.690537084203351
1.19359359359359,-1.11315403077405,-0.855893033250716,-0.0777430296244823,-0.709546927311234
1.1954954954955,-1.14088675704644,-0.877024659866525,-0.0825684581702752,-0.728826533339435
1.1973973973974,-1.16888537070844,-0.898348483120301,-0.0875994306231256,-0.748376369197961
1.1992992992993,-1.19714632537581,-0.919861429625897,-0.0928409715852432,-0.768196896513693
1.2012012012012,-1.22566604966882,-0.941560404464418,-0.0982981363689603,-0.788288571233256
1.2031031031031,-1.25444094795067,-0.963442291837968,-0.103976009743416,-0.808651843204348
1.205005005005,-1.28346740106876,-0.985503955713732,-0.109879704663875,-0.829287155776827
1.20690690690691,-1.31274176710669,-1.0077422405111,-0.116014361001636,-0.850194945373522
1.20880880880881,-1.34226038214818,-1.03015397172562,-0.122385144252178,-0.871375641094403
1.21071071071071,-1.37201956104023,-1.05273595664341,-0.128997244240193,-0.892829664285568
1.21261261261261,-1.40201559815928,-1.07548498498488,-0.13585587380474,-0.914557428116797
1.21451451451451,-1.43224476816961,-1.09839782959225,-0.142966267496369,-0.936559337171243
1.21641641641642,-1.46270332681743,-1.12147124711353,-0.150333680230943,-0.958835787011601
1.21831831831832,-1.49338751169926,-1.14470197867816,-0.157963385969229,-0.981387163763987
1.22022022022022,-1.52429354302995,-1.16808675059698,-0.165860676362723,-1.00421384368323
1.22212212212212,-1.55541762447411,-1.19162227505137,-0.174030859398222,-1.02731619272771
1.22402402402402,-1.5867559438763,-1.215305250778,-0.182479258036839,-1.05069456612256
1.22592592592593,-1.61830467409437,-1.23913236377948,-0.191211208837625,-1.074349307941
1.22782782782783,-1.65005997378108,-1.2631002880267,-0.200232060584096,-1.098280750658
1.22972972972973,-1.68201798819071,-1.28720568614214,-0.209547172880448,-1.12248921472922
1.23163163163163,-1.71417484995746,-1.31144521013857,-0.21916191477213,-1.14697500814797
1.23353353353353,-1.74652667992936,-1.33581550210303,-0.229081663326792,-1.17173842600988
1.23543543543544,-1.77906958795252,-1.36031319491665,-0.23931180222722,-1.19677975007377
1.23733733733734,-1.81179967367404,-1.38493491296638,-0.249857720351145,-1.22209924833805
1.23923923923924,-1.84471302739624,-1.40967727286737,-0.260724810342236,-1.24769717458509
1.24114114114114,-1.87780573081222,-1.43453688417653,-0.271918467179251,-1.27357376795555
1.24304304304304,-1.91107385788371,-1.45951035009654,-0.283444086731404,-1.29972925249955
1.24494494494495,-1.94451347563716,-1.48459426822973,-0.295307064315068,-1.32616383675338
1.24684684684685,-1.97812064496396,-1.50978523126339,-0.30751279323675,-1.35287771328231
1.24874874874875,-2.01189142144474,-1.53507982772945,-0.320066663341617,-1.37987105825561
1.25065065065065,-2.04582185617807,-1.56047464269404,-0.33297405953347,-1.40714403099921
1.25255255255255,-2.07990799658881,-1.58596625851256,-0.346240360323307,-1.43469677356635
1.25445445445445,-2.11414588722999,-1.61155125552704,-0.359870936338137,-1.46252941028268
1.25635635635636,-2.14853157063774,-1.63722621282094,-0.373871148850647,-1.49064204733178
1.25825825825826,-2.18306108812294,-1.66298770894114,-0.388246348288654,-1.51903477229901
1.26016016016016,-2.2177304805953,-1.68883232259386,-0.403001872743694,-1.54770765374547
1.26206206206206,-2.25253578937585,-1.71475663341903,-0.418143046487433,-1.57666074076863
1.26396396396396,-2.28747305703696,-1.74075722268869,-0.433675178458614,-1.60589406256418
1.26586586586587,-2.32253832817938,-1.76683067403664,-0.449603560775824,-1.6354076280069
1.26776776776777,-2.35772765029289,-1.79297357420353,-0.465933467222666,-1.66520142519649
1.26966966966967,-2.39303707453662,-1.81918251373344,-0.482670151740905,-1.69527542105273
1.27157157157157,-2.42846265656614,-1.84545408773486,-0.49981884692416,-1.72562956085938
1.27347347347347,-2.46400045734575,-1.87178489657484,-0.517384762498022,-1.75626376785825
1.27537537537538,-2.49964654395191,-1.89817154661687,-0.535373083809713,-1.7871779428114
1.27727727727728,-2.5353969903893,-1.92461065095487,-0.553788970301692,-1.81837196358024
1.27917917917918,-2.57124787839471,-1.95109883010211,-0.572637553997694,-1.84984568470418
1.28108108108108,-2.60719529822637,-1.97763271274549,-0.591923937978535,-1.8815989369759
1.28298298298298,-2.64323534950176,-2.00420893645263,-0.611653194855368,-1.91363152703248
1.28488488488489,-2.67936414194737,-2.03082414837422,-0.631830365252736,-1.94594323692752
1.28678678678679,-2.7155777962193,-2.05747500597766,-0.652460456271999,-1.97853382373153
1.28868868868869,-2.75187244471162,-2.08415817774505,-0.673548439976368,-2.01140301910873
1.29059059059059,-2.78824423231437,-2.11087034389398,-0.695099251859716,-2.04455052892143
1.29249249249249,-2.82468931722058,-2.1376081970857,-0.717117789313978,-2.07797603281328
1.29439439439439,-2.86120387169306,-2.16436844310993,-0.739608910116843,-2.11167918381492
1.2962962962963,-2.89778408285102,-2.19114780160334,-0.762577430891792,-2.14565960794315
1.2981981981982,-2.93442615344782,-2.21794300675667,-0.786028125591788,-2.17991690380221
1.3001001001001,-2.97112630262304,-2.24475080799484,-0.809965723974859,-2.21445064220337
1.302002002002,-3.0078807666957,-2.27156797066209,-0.834394910079435,-2.24926036575434
1.3039039039039,-3.04468579989685,-2.29839127673493,-0.859320320703805,-2.2843455885007
1.30580580580581,-3.08153767513447,-2.32521752549231,-0.884746543884628,-2.31970579551735
1.30770770770771,-3.11843268476042,-2.35204353418398,-0.910678117391349,-2.35534044255057
1.30960960960961,-3.15536714126447,-2.37886613874376,-0.937119527197346,-2.39124895564176
1.31151151151151,-3.19233737810385,-2.40568219441908,-0.964075205977355,-2.42743073074982
1.31341341341341,-3.22933975032642,-2.4324885764794,-0.991549531598917,-2.46388513339046
1.31531531531532,-3.26637063537991,-2.45928218084215,-1.01954682561248,-2.50061149827615
1.31721721721722,-3.3034264338235,-2.48605992475954,-1.04807135175619,-2.53760912895903
1.31911911911912,-3.34050357000365,-2.5128187474697,-1.07712731445594,-2.57487729747926
1.32102102102102,-3.37759849279611,-2.53955561082613,-1.10671885733073,-2.61241524402242
1.32292292292292,-3.41470767628878,-2.56626749996557,-1.1368500617064,-2.65022217656174
1.32482482482482,-3.45182762050569,-2.59295142393644,-1.16752494512787,-2.68829727054802
1.32672672672673,-3.4889548520709,-2.61960441630941,-1.19874745989248,-2.72663966854605
1.32862862862863,-3.52608592487711,-2.64622353585744,-1.23052149155951,-2.76524847994787
1.33053053053053,-3.56321742080689,-2.67280586713434,-1.26285085749684,-2.80412278059818
1.33243243243243,-3.6003459503505,-2.69934852108551,-1.29573930540409,-2.84326161253301
1.33433433433433,-3.63746815327962,-2.72584863569822,-1.32919051188633,-2.88266398363738
1.33623623623624,-3.67458069931637,-2.75230337656424,-1.36320808096882,-2.92232886734367
1.33813813813814,-3.71168028873098,-2.77870993748699,-1.39779554267842,-2.96225520234877
1.34004004004004,-3.74876365304647,-2.8050655410908,-1.4329563516077,-3.00244189230554
1.34194194194194,-3.78582755557302,-2.8313674393699,-1.46869388548224,-3.04288780554715
1.34384384384384,-3.82286879209961,-2.85761291428742,-1.50501144374425,-3.0835917748089
1.34574574574575,-3.85988419145904,-2.88379927833914,-1.54191224613737,-3.12455259693345
1.34764764764765,-3.89687061615252,-2.90992387511693,-1.57939943131495,-3.16576903263788
1.34954954954955,-3.93382496290219,-2.93598407983716,-1.61747605543368,-3.20723980622563
1.35145145145145,-3.97074416327009,-2.961977299928,-1.65614509077835,-3.24896360534366
1.35335335335335,-4.00762518419178,-2.98790097552789,-1.69540942438004,-3.29093908075167
1.35525525525526,-4.04446502857004,-3.01375258005391,-1.73527185665649,-3.33316484604421
1.35715715715716,-4.08126073579215,-3.03952962069062,-1.77573510005112,-3.3756394774542
1.35905905905906,-4.11800938229309,-3.06522963890071,-1.81680177769084,-3.41836151361987
1.36096096096096,-4.15470808206135,-3.0908502109692,-1.85847442204658,-3.46132945534683
1.36286286286286,-4.19135398717875,-3.11638894846138,-1.90075547362284,-3.50454176543332
1.36476476476476,-4.22794428831381,-3.14184349872511,-1.94364727962677,-3.54799686843252
1.36666666666667,-4.26447621521337,-3.16721154536662,-1.98715209267768,-3.59169315047974
1.36856856856857,-4.30094703721019,-3.19249080872397,-2.03127206952145,-3.63562895910861
1.37047047047047,-4.33735406366618,-3.21767904631872,-2.07600926973441,-3.67980260305204
1.37237237237237,-4.37369464446894,-3.24277405332059,-2.12136565448791,-3.72421235209112
1.37427427427427,-4.40996617043509,-3.26777366297572,-2.16734308527375,-3.76885643688325
1.37617617617618,-4.44616607379566,-3.29267574703181,-2.21394332266827,-3.81373304880406
1.37807807807808,-4.48229182859673,-3.31747821618518,-2.26116802512434,-3.85884033982096
1.37997997997998,-4.51834095112899,-3.34217902048201,-2.30901874772843,-3.90417642232968
1.38188188188188,-4.55431100031047,-3.36677614969536,-2.35749694104043,-3.94973936904957
1.38378378378378,-4.59019957808706,-3.39126763375823,-2.40660394987884,-3.99552721289506
1.38568568568569,-4.62600432981709,-3.41565154311296,-2.45634101217262,-4.04153794685983
1.38758758758759,-4.66172294461513,-3.43992598909564,-2.50670925779161,-4.08776952391635
1.38948948948949,-4.69735315573918,-3.46408912429344,-2.55770970742505,-4.13421985694291
1.39139139139139,-4.73289274087714,-3.4881391428925,-2.60934327145216,-4.18088681860352
1.39329329329329,-4.76833952252186,-3.51207428101171,-2.66161074882571,-4.22776824131934
1.3951951951952,-4.80369136823848,-3.53589281704629,-2.71451282599875,-4.2748619171705
1.3970970970971,-4.83894619103107,-3.55959307197117,-2.76805007583652,-4.32216559784014
1.398998998999,-4.87410194951678,-3.58317340963584,-2.82222295657509,-4.36967699460467
1.4009009009009,-4.90915664832387,-3.60663223706761,-2.87703181075712,-4.41739377825603
1.4028028028028,-4.94410833824032,-3.62996800478626,-2.93247686424684,-4.46531357910547
1.4047047047047,-4.97895511653826,-3.65317920699713,-2.98855822518102,-4.51343398696395
1.40660660660661,-5.01369512713228,-3.67626438192484,-3.04527588302559,-4.56175255111838
1.40850850850851,-5.04832656086307,-3.69922211201779,-3.10262970757517,-4.61026678035326
1.41041041041041,-5.08284765563724,-3.72205102420317,-3.16061944802514,-4.65897414297323
1.41231231231231,-5.11725669664197,-3.74474979008633,-3.21924473203967,-4.7078720668098
1.41421421421421,-5.15155201654144,-3.76731712618027,-3.2785050648244,-4.75695793925607
1.41611611611612,-5.1857319955475,-3.78975179410859,-3.33839982825538,-4.80622910734558
1.41801801801802,-5.21979506167119,-3.81205260076221,-3.39892828,-4.85568287776882
1.41991991991992,-5.25373969076021,-3.83421839848729,-3.46008955268019,-4.90531651697497
1.42182182182182,-5.2875644066499,-3.8562480852624,-3.5218826530109,-4.95512725121968
1.42372372372372,-5.32126778127472,-3.87814060481098,-3.58430646103221,-5.00511226668041
1.42562562562563,-5.35484843469206,-3.89989494677719,-3.64735972929521,-5.05526870955122
1.42752752752753,-5.38830503520208,-3.92151014678927,-3.71104108210533,-5.10559368613725
1.42942942942943,-5.42163629937341,-3.94298528662859,-3.7753490147767,-5.15608426301237
1.43133133133133,-5.45484099206651,-3.96431949428976,-3.84028189292407,-5.20673746711807
1.43323323323323,-5.48791792651286,-3.98551194407001,-3.90583795173613,-5.2575502859328
1.43513513513514,-5.52086596420744,-4.0065618566369,-3.97201529534252,-5.30851966760576
1.43703703703704,-5.55368401496878,-4.02746849908112,-4.03881189611191,-5.3596425211792
1.43893893893894,-5.58637103694272,-4.04823118497044,-4.10622559406092,-5.41091571668181
1.44084084084084,-5.61892603647344,-4.06884927436278,-4.17425409624204,-5.46233608540097
1.44274274274274,-5.65134806809004,-4.08932217379683,-4.24289497613932,-5.51390042005567
1.44464464464464,-5.68363623440609,-4.10964933636888,-4.31214567315699,-5.565605474993
1.44654654654655,-5.71578968608078,-4.12983026163011,-4.38200349204778,-5.61744796644357
1.44844844844845,-5.74780762158394,-4.14986449562848,-4.45246560240887,-5.66942457276759
1.45035035035035,-5.77968928724802,-4.16975163082377,-4.52352903824148,-5.72153193465391
1.45225225225225,-5.81143397697507,-4.18949130604739,-4.5951906974391,-5.77376665545298
1.45415415415415,-5.84304103211928,-4.20908320643953,-4.66744734140324,-5.82612530140007
1.45605605605606,-5.87450984136683,-4.22852706334895,-4.74029559463156,-5.8786044019326
1.45795795795796,-5.90583984046763,-4.24782265425747,-4.81373194430635,-5.93120044997274
1.45985985985986,-5.93703051206667,-4.26696980264294,-4.887752740001,-5.98390990224155
1.46176176176176,-5.96808138545266,-4.28596837788488,-4.9623541933152,-6.03672917959952
1.46366366366366,-5.99899203637827,-4.30481829510314,-5.03753237760067,-6.08965466736601
1.46556556556557,-6.02976208669075,-4.32351951497547,-5.11328322768872,-6.14268271567538
1.46746746746747,-6.06039120418334,-4.34207204363697,-5.18960253964756,-6.19580963983137
1.46936936936937,-6.09087910219494,-4.36047593242795,-5.26648597058485,-6.24903172070475
1.47127127127127,-6.12122553937332,-4.37873127776422,-5.34392903846313,-6.30234520507486
1.47317317317317,-6.15143031929604,-4.39683822083787,-5.42192712192309,-6.35574630608683
1.47507507507508,-6.18149329020735,-4.41479694750344,-5.50047546020175,-6.40923120363186
1.47697697697698,-6.21141434455681,-4.43260768789498,-5.57956915300565,-6.46279604474767
1.47887887887888,-6.24119341865362,-4.45027071631267,-5.65920316046337,-6.51643694413157
1.48078078078078,-6.27083049238159,-4.46778635086389,-5.73937230309908,-6.57014998448288
1.48268268268268,-6.30032558863682,-4.48515495319748,-5.82007126180521,-6.62393121708144
1.48458458458458,-6.32967877297682,-4.50237692820466,-5.90129457788708,-6.6777766621563
1.48648648648649,-6.35889015315901,-4.51945272374041,-5.98303665312391,-6.73168230948823
1.48838838838839,-6.38795987872681,-4.53638283024563,-6.06529174986447,-6.78564411879708
1.49029029029029,-6.41688814048588,-4.55316778039319,-6.14805399112729,-6.83965802031754
1.49219219219219,-6.44567517003601,-4.56980814880318,-6.23131736077589,-6.89371991533131
1.49409409409409,-6.47432123920445,-4.58630455161683,-6.31507570368886,-6.94782567669635
1.495995995996,-6.5028266596279,-4.60265764612229,-6.3993227260012,-7.00197114938919
1.4978978978979,-6.531191782159,-4.61886813032886,-6.48405199534114,-7.05615215105863
1.4997997997998,-6.55941699621647,-4.63493674261739,-6.56925694109868,-7.11036447265832
1.5017017017017,-6.58750272942204,-4.6508642612277,-6.65493085477437,-7.16460387897648
1.5036036036036,-6.61544944682538,-4.66665150389403,-6.74106689032858,-7.21886610929885
1.50550550550551,-6.64325765033067,-4.68229932730892,-6.8276580645352,-7.27314687796214
1.50740740740741,-6.67092787818551,-4.69780862671535,-6.9146972574294,-7.32744187503252
1.50930930930931,-6.69846070422106,-4.71318033540283,-7.00217721277145,-7.3817467669516
1.51121121121121,-6.72585673722758,-4.72841542418204,-7.09009053849509,-7.43605719713528
1.51311311311311,-6.75311662032561,-4.74351490087765,-7.17842970727228,-7.49036878672282
1.51501501501502,-6.78024103029876,-4.75847980984609,-7.26718705704866,-7.54467713520014
1.51691691691692,-6.80723067677736,-4.77331123137265,-7.35635479164159,-7.59897782112199
1.51881881881882,-6.83408630165261,-4.78801028112157,-7.44592498139717,-7.6532664027884
1.52072072072072,-6.86080867829221,-4.80257810961465,-7.53588956378976,-7.70753841902134
1.52262262262262,-6.88739861076703,-4.81701590158941,-7.62624034421803,-7.76178938981979
1.52452452452452,-6.91385693316363,-4.83132487543313,-7.71696899665798,-7.81601481719713
1.52642642642643,-6.94018450879127,-4.84550628257187,-7.80806706447873,-7.87021018584183
1.52832832832833,-6.96638222925744,-4.85956140682433,-7.89952596128721,-7.92437096396068
1.53023023023023,-6.99245101393461,-4.87349156378278,-7.99133697167636,-7.97849260407053
1.53213213213213,-7.01839180889102,-4.88729810018879,-8.08349125225326,-8.03257054368133
1.53403403403403,-7.0442055862161,-4.90098239318636,-8.17597983244258,-8.08660020626236
1.53593593593594,-7.06989334302004,-4.91454584972062,-8.26879361549834,-8.14057700192402
1.53783783783784,-7.09545610081249,-4.92798990582863,-8.36192337952499,-8.19449632836427
1.53973973973974,-7.12089490435504,-4.94131602593551,-8.45535977849547,-8.24835357163047
1.54164164164164,-7.14621082101971,-4.95452570210147,-8.54909334332067,-8.30214410700379
1.54354354354354,-7.17140493971835,-4.96762045334697,-8.6431144829674,-8.35586329988392
1.54544544544545,-7.19647837007352,-4.98060182490751,-8.73741348565832,-8.40950650664659
1.54734734734735,-7.22143224149606,-4.99347138746292,-8.83198052001235,-8.46306907558472
1.54924924924925,-7.24626770221184,-5.00623073634244,-8.92680563629647,-8.51654634772049
1.55115115115115,-7.2709859183185,-5.01888149082667,-9.0218787677156,-8.56993365782482
1.55305305305305,-7.29558807286655,-5.0314252933024,-9.11718973174948,-8.62322633527306
1.55495495495496,-7.3200753648647,-5.04386380848187,-9.21272823143084,-8.67641970501999
1.55685685685686,-7.34444900827493,-5.05619872256235,-9.30848385681528,-8.72950908859692
1.55875875875876,-7.3687102310201,-5.06843174248814,-9.40444608640887,-8.78248980490776
1.56066066066066,-7.3928602740672,-5.08056459500012,-9.50060428858842,-8.83535717143252
1.56256256256256,-7.41690039026792,-5.09259902589104,-9.59694772320702,-8.88810650504177
1.56446446446446,-7.44083184343225,-5.10453679912032,-9.69346554307427,-8.94073312307612
1.56636636636637,-7.46465590730652,-5.1163796959243,-9.79014679560752,-8.99323234429842
1.56826826826827,-7.48837386444383,-5.12812951396693,-9.88698042448124,-9.04559948997889
1.57017017017017,-7.51198700519257,-5.13978806648117,-9.98395527123234,-9.09782988487289
1.57207207207207,-7.53549662669907,-5.15135718130887,-10.0810600771248,-9.14991885826972
1.57397397397397,-7.55890403172272,-5.16283870009321,-10.1782834847734,-9.20186174505857
1.57587587587588,-7.58221052761854,-5.17423447724348,-10.2756140400639,-9.2536538868007
1.57777777777778,-7.60541742528968,-5.18554637913416,-10.3730401939322,-9.3052906327399
1.57967967967968,-7.62852603794115,-5.19677628313367,-10.4705503043374,-9.35676734096294
1.58158158158158,-7.65153768021542,-5.20792607661035,-10.568132638115,-9.4080793794297
1.58348348348348,-7.67445366685198,-5.21899765607565,-10.6657753730381,-9.45922212710458
1.58538538538539,-7.69727531171709,-5.22999292620284,-10.7634665998064,-9.51019097504356
1.58728728728729,-7.72000392661691,-5.24091379880505,-10.8611943240951,-9.56098132756437
1.58918918918919,-7.74264082021776,-5.25176219198399,-10.9589464687079,-9.61158860330135
1.59109109109109,-7.7651872968352,-5.26254002903709,-11.0567108757462,-9.66200823639795
1.59299299299299,-7.78764465538233,-5.27324923756598,-11.1544753087268,-9.7122356776477
1.59489489489489,-7.81001418824012,-5.28389174844015,-11.2522274549376,-9.76226639559985
1.5967967967968,-7.83229717999772,-5.29446949478394,-11.3499549276288,-9.81209587779017
1.5986986986987,-7.85449490642064,-5.30498441110574,-11.4476452684265,-9.8617196318913
1.6006006006006,-7.87660863326921,-5.31543843207104,-11.5452859496548,-9.91113318687254
1.6025025025025,-7.89863961505209,-5.32583349172457,-11.6428643767791,-9.96033209419169
1.6044044044044,-7.92058909408168,-5.33617152233638,-11.740367890881,-10.0093119290043
1.60630630630631,-7.94245829908759,-5.34645445342888,-11.8377837711409,-10.058068291388
1.60820820820821,-7.96424844421927,-5.35668421073663,-11.9350992374384,-10.1065968074922
1.61011011011011,-7.98596072775279,-5.36686271518479,-12.032301452909,-10.1548931307844
1.61201201201201,-8.00759633114831,-5.37699188191159,-12.1293775266479,-10.202952943335
1.61391391391391,-8.02915641764654,-5.38707361915267,-12.2263145163405,-10.2507719569402
1.61581581581582,-8.0506421312,-5.39710982726782,-12.3230994310236,-10.2983459144168
1.61771771771772,-8.07205459546904,-5.40710239767892,-12.419719233883,-10.3456705908615
1.61961961961962,-8.09339491239473,-5.41705321188319,-12.516160845101,-10.3927417948513
1.62152152152152,-8.11466416133498,-5.42696414031955,-12.6124111446473,-10.4395553697665
1.62342342342342,-8.13586339769957,-5.43683704141733,-12.7084569752859,-10.4861071949471
1.62532532532533,-8.15699365190267,-5.44667376054348,-12.8042851455334,-10.5323931870875
1.62722722722723,-8.17805592821234,-5.4564761288983,-12.8998824325995,-10.5784093013499
1.62912912912913,-8.19905120369443,-5.46624596259482,-12.9952355855305,-10.6241515328306
1.63103103103103,-8.21998042688481,-5.47598506146571,-13.0903313282613,-10.6696159176181
1.63293293293293,-8.24084451691301,-5.48569520826423,-13.185156362807,-10.7147985342966
1.63483483483483,-8.26164436228334,-5.49537816734477,-13.2796973723756,-10.759695505032
1.63673673673674,-8.28238081964672,-5.50503568385871,-13.3739410247334,-10.8043029970085
1.63863863863864,-8.30305471291218,-5.51466948257912,-13.4678739753929,-10.8486172236359
1.64054054054054,-8.32366683214758,-5.52428126703949,-13.561482870981,-10.8926344459042
1.64244244244244,-8.34421793225789,-5.53387271834118,-13.6547543526748,-10.9363509735994
1.64434434434434,-8.36470873223888,-5.54344549424982,-13.7476750595339,-10.9797631666862
1.64624624624625,-8.38513991393127,-5.55300122815404,-13.8402316320256,-11.0228674365552
1.64814814814815,-8.40551212101056,-5.56254152805429,-13.9324107155593,-11.0656602473562
1.65005005005005,-8.42582595791864,-5.5720679755734,-14.0241989640162,-11.1081381172489
1.65195195195195,-8.44608198905318,-5.58158212500316,-14.1155830433817,-11.1502976197982
1.65385385385385,-8.46628073746268,-5.59108550225537,-14.2065496354723,-11.1921353851902
1.65575575575576,-8.48642268413279,-5.60057960390017,-14.297085441495,-11.2336481015416
1.65765765765766,-8.50650826677053,-5.61006589629505,-14.3871771859271,-11.2748325162885
1.65955955955956,-8.52653787916551,-5.61954581447684,-14.4768116202442,-11.3156854374155
1.66146146146146,-8.5465118698147,-5.62902076135114,-14.5659755268575,-11.3562037347028
1.66336336336336,-8.56643054143909,-5.63849210665015,-14.6546557228934,-11.396384341163
1.66526526526527,-8.58629414990157,-5.64796118607475,-14.7428390641921,-11.43622425427
1.66716716716717,-8.60610290321017,-5.65742930038272,-14.8305124492948,-11.4757205372208
1.66906906906907,-8.62585696086274,-5.66689771441359,-14.9176628235127,-11.5148703202484
1.67097097097097,-8.64555643296833,-5.67636765632808,-15.0042771828895,-11.5536708019728
1.67287287287287,-8.66520137932872,-5.68584031659727,-15.090342578447,-11.5921192505822
1.67477477477477,-8.68479180870465,-5.69531684722872,-15.1758461202991,-11.6302130052036
1.67667667667668,-8.7043276781269,-5.70479836090356,-15.2607749818711,-11.6679494771356
1.67857857857858,-8.72380889203352,-5.71428593011771,-15.345116404176,-11.7053261510992
1.68048048048048,-8.74323530165389,-5.72378058644319,-15.4288577001633,-11.7423405865747
1.68238238238238,-8.76260670427886,-5.73328331961096,-15.5119862589657,-11.7789904189841
1.68428428428428,-8.78192284262017,-5.74279507692579,-15.5944895504166,-11.8152733609973
1.68618618618619,-8.80118340415416,-5.75231676226028,-15.676355129447,-11.8511872037949
1.68808808808809,-8.82038802051396,-5.7618492354497,-15.7575706405567,-11.8867298182312
1.68998998998999,-8.83953626705108,-5.77139331167725,-15.8381238223896,-11.9218991561005
1.69189189189189,-8.85862766213572,-5.7809497606067,-15.9180025123366,-11.9566932514376
1.69379379379379,-8.8776616667253,-5.79051930571815,-15.9971946511272,-11.9911102216075
1.6956956956957,-8.8966376838882,-5.80010262379421,-16.0756882874991,-12.0251482686157
1.6975975975976,-8.91555505849356,-5.80970034406993,-16.1534715829508,-12.05880568026
1.6994994994995,-8.93441307654021,-5.81931304789181,-16.2305328164815,-12.0920808312966
1.7014014014014,-8.95321096508,-5.8289412679458,-16.3068603894311,-12.1249721846064
1.7033033033033,-8.97194789174059,-5.83858548766281,-16.3824428303424,-12.1574782924845
1.70520520520521,-8.99062296455623,-5.84824614095909,-16.4572687997907,-12.1895977976213
1.70710710710711,-9.00923523165135,-5.85792361137881,-16.5313270954277,-12.2213294343479
1.70900900900901,-9.02778368104882,-5.86761823194195,-16.6046066568755,-12.2526720297198
1.71091091091091,-9.0462672404708,-5.87733028443692,-16.6770965708524,-12.28362450466
1.71281281281281,-9.06468477746296,-5.88705999925568,-16.7487860761761,-12.314185875056
1.71471471471471,-9.08303509902546,-5.8968075547599,-16.8196645688968,-12.3443552528171
1.71661661661662,-9.10131695183839,-5.90657307711578,-16.8897216075978,-12.3741318468997
1.71851851851852,-9.11952902219362,-5.91635663999493,-16.9589469183328,-12.4035149645274
1.72042042042042,-9.13766993607257,-5.92615826404695,-17.0273304001338,-12.4325040120458
1.72232232232232,-9.15573825926002,-5.93597791691538,-17.094862130176,-12.4610984960148
1.72422422422422,-9.17373249760807,-5.94581551295901,-17.1615323691714,-12.4892980242304
1.72612612612613,-9.19165109735258,-5.95567091295851,-17.2273315666612,-12.517102306714
1.72802802802803,-9.20949244512869,-5.96554392413352,-17.2922503665927,-12.5445111565799
1.72992992992993,-9.22725486853109,-5.97543429994936,-17.3562796126702,-12.5715244911012
1.73183183183183,-9.24493663656237,-5.98534174005183,-17.4194103538159,-12.5981423325296
1.73373373373373,-9.2625359599517,-5.99526589035158,-17.4816338499247,-12.6243648091552
1.73563563563564,-9.28005099182862,-6.00520634289198,-17.5429415772108,-12.6501921559773
1.73753753753754,-9.29747982802301,-6.01516263605238,-17.6033252339953,-12.6756247157226
1.73943943943944,-9.31482050824891,-6.02513425462102,-17.6627767463355,-12.7006629396125
1.74134134134134,-9.33207101630813,-6.03512062994093,-17.7212882737619,-12.7253073882099
1.74324324324324,-9.34922928104969,-6.04512113999262,-17.7788522149961,-12.7495587321555
1.74514514514515,-9.36629317725096,-6.05513510987725,-17.8354612136922,-12.7734177530347
1.74704704704705,-9.38326052662258,-6.06516181201593,-17.8911081644404,-12.7968853439532
1.74894894894895,-9.400129098541,-6.07520046635139,-17.9457862184756,-12.8199625104011
1.75085085085085,-9.41689661144362,-6.08525024094346,-17.9994887897041,-12.8426503708255
1.75275275275275,-9.43356073357618,-6.09531025237827,-18.0522095605016,-12.8649501574005
1.75465465465465,-9.45011908447668,-6.10537956620884,-18.1039424879319,-12.8868632165021
1.75655655655656,-9.46656923627455,-6.11545719752155,-18.1546818095114,-12.9083910094688
1.75845845845846,-9.48290871481172,-6.12554211155021,-18.2044220495185,-12.9295351130402
1.76036036036036,-9.49913500131154,-6.1356332244895,-18.2531580249341,-12.9502972199114
1.76226226226226,-9.51524553383464,-6.14572940389887,-18.3008848516306,-12.9706791393074
1.76416416416416,-9.53123770881804,-6.1558294698671,-18.3475979505804,-12.9906827974323
1.76606606606607,-9.54710888285933,-6.16593219564778,-18.3932930540398,-13.0103102378065
1.76796796796797,-9.56285637430974,-6.17603630848058,-18.4379662117887,-13.0295636217869
1.76986986986987,-9.57847746548326,-6.18614049080881,-18.4816137973921,-13.0484452288559
1.77177177177177,-9.59396940428548,-6.19624338116695,-18.524232514587,-13.0669574570242
1.77367367367367,-9.60932940639606,-6.20634357526333,-18.5658194035959,-13.0851028230914
1.77557557557558,-9.62455465728276,-6.21643962720608,-18.6063718475638,-13.1028839628192
1.77747747747748,-9.63964231469601,-6.22653005076193,-18.6458875788575,-13.1203036312847
1.77937937937938,-9.65458951063609,-6.23661332051866,-18.6843646856618,-13.1373647029488
1.78128128128128,-9.66939335402065,-6.24668787348607,-18.7218016183652,-13.1540701719381
1.78318318318318,-9.6840509333518,-6.25675211033025,-18.7581971961643,-13.1704231518853
1.78508508508509,-9.69855931880661,-6.26680439709241,-18.7935506135587,-13.1864268762563
1.78698698698699,-9.71291556562264,-6.27684306659768,-18.8278614469708,-13.2020846981982
1.78888888888889,-9.72711671638993,-6.28686642024935,-18.8611296613003,-13.2174000905524
1.79079079079079,-9.74115980430593,-6.29687272972239,-18.8933556166598,-13.2323766457519
1.79269269269269,-9.75504185609143,-6.30686023893327,-18.9245400749722,-13.24701807572
1.79459459459459,-9.76875989530172,-6.31682716567587,-18.9546842067605,-13.2613282117151
1.7964964964965,-9.78231094544892,-6.32677170395077,-18.9837895977487,-13.2753110039866
1.7983983983984,-9.79569203343217,-6.33669202578762,-19.0118582557888,-13.2889705217329
1.8003003003003,-9.80890019312444,-6.34658628351302,-19.0388926175396,-13.3023109525746
1.8022022022022,-9.82193246874401,-6.35645261197791,-19.064895555333,-13.3153366022144
1.8041041041041,-9.83478591910484,-6.36628913098923,-19.0898703839213,-13.328051894193
1.80600600600601,-9.8474576209859,-6.3760939475769,-19.1138208675825,-13.3404613691265
1.80790790790791,-9.85994467337396,-6.38586515868405,-19.1367512267284,-13.3525696843946
1.80980980980981,-9.87224420149061,-6.39560085363072,-19.1586661450367,-13.3643816134694
1.81171171171171,-9.88435336119929,-6.40529911698392,-19.1795707763195,-13.3759020453445
1.81361361361361,-9.89626934317145,-6.41495803120042,-19.1994707514925,-13.3871359836907
1.81551551551552,-9.90798937759767,-6.42457567970376,-19.2183721855532,-13.3980885462718
1.81741741741742,-9.91951073876765,-6.43415014969032,-19.2362816846912,-13.408764963997
1.81931931931932,-9.93083074999319,-6.44367953542118,-19.2532063531654,-13.4191705800626
1.82122122122122,-9.94194678805406,-6.45316194135734,-19.2691538005382,-13.429310849082
1.82312312312312,-9.95285628894738,-6.46259548549722,-19.2841321486026,-13.4391913360497
1.82502502502503,-9.96355675274588,-6.47197830270053,-19.2981500386541,-13.4488177152976
1.82692692692693,-9.97404574889369,-6.48130854834289,-19.3112166384411,-13.4581957691921
1.82882882882883,-9.98432092216653,-6.49058440197021,-19.32334164934,-13.4673313872625
1.83073073073073,-9.99437999758976,-6.49980407098659,-19.3345353136565,-13.4762305646438
1.83263263263263,-10.0042207870357,-6.50896579439393,-19.3448084216026,-13.4848994008677
1.83453453453453,-10.0138411946957,-6.5180678470974,-19.3541723186159,-13.4933440984375
1.83643643643644,-10.0232392234386,-6.52710854362846,-19.3626389125009,-13.5015709613839
1.83833833833834,-10.03241298114,-6.53608624282566,-19.370220680679,-13.5095863936914
1.84024024024024,-10.0413606870009,-6.54499935172901,-19.3769306774467,-13.5173968976967
1.84214214214214,-10.0500806782363,-6.55384633015091,-19.3827825411898,-13.5250090723267
1.84404404404404,-10.0585714168997,-6.56262569550908,-19.3877905016354,-13.5324296114206
1.84594594594595,-10.0668314968962,-6.57133602733947,-19.3919693871419,-13.5396653017704
1.84784784784785,-10.0748596510663,-6.57997597208722,-19.3953346320089,-13.5467230214152
1.84974974974975,-10.0826547583795,-6.58854424830223,-19.3979022837804,-13.5536097373988
1.85165165165165,-10.0902158517101,-6.59703965140516,-19.3996890104272,-13.5603325036525
1.85355355355355,-10.0975421254873,-6.60546105949333,-19.400712107865,-13.5668984591906
1.85545545545546,-10.1046329430311,-6.61380743802966,-19.4009895070392,-13.573314825426
1.85735735735736,-10.111487845579,-6.62207784585583,-19.4005397815696,-13.5795889040496
1.85925925925926,-10.1181065594629,-6.63027144077119,-19.3993821546877,-13.5857280746277
1.86116116116116,-10.1244890054197,-6.63838748514887,-19.3975365069652,-13.5917397919654
1.86306306306306,-10.1306353065351,-6.64642535203928,-19.3950233833582,-13.5976315836491
1.86496496496496,-10.1365457977054,-6.65438453125092,-19.3918640007001,-13.6034110471752
1.86686686686687,-10.1422210340085,-6.6622646355322,-19.3880802551277,-13.6090858473834
1.86876876876877,-10.1476618005588,-6.67006540714324,-19.3836947291848,-13.6146637133559
1.87067067067067,-10.1528691214581,-6.67778672402669,-19.3787306994373,-13.6201524355793
1.87257257257257,-10.1578442697134,-6.6854286070796,-19.3732121437396,-13.6255598630035
1.87447447447447,-10.1625887768524,-6.69299122637285,-19.3671637484461,-13.6308938995438
1.87637637637638,-10.1671044433813,-6.70047490876426,-19.3606109159601,-13.6361625009502
1.87827827827828,-10.1713933486161,-6.70788014476191,-19.3535797720576,-13.6413736716884
1.88018018018018,-10.1754578614139,-6.71520759584055,-19.3460971730257,-13.6465354611651
1.88208208208208,-10.1793006511095,-6.72245810215462,-19.3381907132923,-13.6516559602565
1.88398398398398,-10.1829246979038,-6.72963269000767,-19.3298887325534,-13.6567432975699
1.88588588588589,-10.1863333047086,-6.73673258004201,-19.3212203231591,-13.6618056358784
1.88778778778779,-10.1895301081648,-6.74375919487461,-19.3122153374499,-13.6668511680322
1.88968968968969,-10.1925190901874,-6.75071416768094,-19.3029043950125,-13.671888112861
1.89159159159159,-10.1953045902674,-6.75759935011913,-19.2933188900831,-13.6769247114539
1.89349349349349,-10.1978913173606,-6.76441682146133,-19.2834909987039,-13.6819692223655
1.8953953953954,-10.2002843620405,-6.77116889690251,-19.2734536860604,-13.6870299178485
1.8972972972973,-10.2024892096785,-6.77785813673053,-19.2632407137797,-13.6921150791469
1.8991991991992,-10.2045117529039,-6.7844873554188,-19.2528866470721,-13.6972329916848
1.9011011011011,-10.2063583047581,-6.79105963080911,-19.2424268620249,-13.7023919408613
1.903003003003,-10.2080356121107,-6.7975783137911,-19.2318975529436,-13.7076002068306
1.9049049049049,-10.2095508695982,-6.80404703795994,-19.2213357392286,-13.7128660597342
1.90680680680681,-10.2109117329855,-6.81046972940173,-19.2107792728034,-13.7181977546463
1.90870870870871,-10.2121263338749,-6.81685061710509,-19.2002668452999,-13.7236035263901
1.91061061061061,-10.2132032938265,-6.8231942428819,-19.1898379949856,-13.7290915840838
1.91251251251251,-10.2141517392467,-6.8295054721239,-19.1795331140426,-13.7346701059754
1.91441441441441,-10.2149813160404,-6.83578950465062,-19.1693934555436,-13.7403472334484
1.91631631631632,-10.2157022056437,-6.84205188514313,-19.15946114066,-13.7461310657925
1.91821821821822,-10.2163251399016,-6.84829851498826,-19.1497791654874,-13.7520296539412
1.92012012012012,-10.2168614168152,-6.8545356629958,-19.1403914082817,-13.7580509949038
1.92202202202202,-10.2173229175235,-6.86076997757364,-19.1313426362464,-13.7642030251185
1.92392392392392,-10.2177221218246,-6.86700849789334,-19.1226785126191,-13.7704936147522
1.92582582582583,-10.2180721256032,-6.8732586665749,-19.1144456034943,-13.7769305608085
1.92772772772773,-10.2183866575746,-6.8795283414649,-19.1066913847621,-13.7835215810965
1.92962962962963,-10.2186800961975,-6.88582580844875,-19.0994642489097,-13.7902743069175
1.93153153153153,-10.2189674883917,-6.8921597939876,-19.092813511913,-13.7971962768054
1.93343343343343,-10.2192645664439,-6.89853947810228,-19.0867894199159,-13.8042949292632
1.93533533533534,-10.2195877667199,-6.90497450765698,-19.0814431560501,-13.8115775955353
1.93723723723724,-10.2199542486351,-6.911475009793,-19.07682684707,-13.819051492592
1.93913913913914,-10.2203819127633,-6.91805160557188,-19.0729935700535,-13.8267237154183
1.94104104104104,-10.2208894209505,-6.92471542378989,-19.0699973590845,-13.8346012294821
1.94294294294294,-10.2214962151002,-6.93147811547194,-19.0678932115346,-13.8426908630999
1.94484484484484,-10.2222225381105,-6.93835186821107,-19.066737095065,-13.8509992993863
1.94674674674675,-10.223089452785,-6.94534942055853,-19.0665859536606,-13.8595330681976
1.94864864864865,-10.2241188637207,-6.95248407739743,-19.0674977142559,-13.868298537793
1.95055055055055,-10.2253335374514,-6.95976972499503,-19.0695312932185,-13.8773019065732
1.95245245245245,-10.2267571241117,-6.96722084643276,-19.0727466023759,-13.886549194388
1.95435435435435,-10.2284141789854,-6.97485253748223,-19.0772045555875,-13.8960462338647
1.95625625625626,-10.230330184659,-6.98268052250977,-19.0829670748758,-13.9057986612275
1.95815815815816,-10.2325315730933,-6.9907211708288,-19.0900970964887,-13.915811907507
1.96006006006006,-10.2350457487775,-6.99899151352397,-19.0986585772773,-13.9260911890393
1.96196196196196,-10.2379011114346,-7.00750925973273,-19.1087165002214,-13.9366414981151
1.96386386386386,-10.2411270798117,-7.01629281454026,-19.1203368811166,-13.9474675932883
1.96576576576577,-10.2447541156772,-7.02536129579848,-19.1335867738883,-13.9585739894415
1.96766766766767,-10.2488137477623,-7.0347345520671,-19.1485342768853,-13.9699649480475
1.96956956956957,-10.2533385963686,-7.04443318074859,-19.1652485383908,-13.9816444665114
1.97147147147147,-10.258362398754,-7.05447854648187,-19.1837997625244,-13.9936162682202
1.97337337337337,-10.2639200343889,-7.06489279928466,-19.2042592147974,-14.0058837917784
1.97527527527528,-10.2700475508502,-7.07569889405503,-19.2266992277616,-14.0184501800825
1.97717717717718,-10.2767821899249,-7.08692060953363,-19.251193206561,-14.0313182696345
1.97907907907908,-10.2841624144103,-7.09858256782777,-19.2778156342852,-14.0444905789082
1.98098098098098,-10.2922279352654,-7.11071025434327,-19.3066420774652,-14.0579692975229
1.98288288288288,-10.3010197388682,-7.12333003796349,-19.3377491912059,-14.0717562742959
1.98478478478478,-10.3105801150019,-7.13646919156831,-19.3712147244081,-14.0858530054473
1.98668668668669,-10.320952685407,-7.15015591284961,-19.4071175252871,-14.1002606227186
1.98858858858859,-10.3321824323262,-7.16441934528439,-19.4455375457236,-14.1149798812452
1.99049049049049,-10.3443157279518,-7.17928960020551,-19.4865558468612,-14.1300111467379
1.99239239239239,-10.3574003635991,-7.19479777777967,-19.5302546036761,-14.14535438316
1.99429429429429,-10.3714855805853,-7.21097599001608,-19.5767171098353,-14.1610091400673
1.9961961961962,-10.3866220997821,-7.22785738257227,-19.6260277823932,-14.1769745389345
1.9980980980981,-10.4028621537231,-7.24547615816777,-19.6782721663494,-14.1932492602737
2,-10.4202595171831,-7.26386759930758,-19.7335369393414,-14.2098315300633
